ID,Patient Age,Patient Sex,target,filename,diagnostic
0,69,Female,0,0_right.jpg,C
1,57,Male,0,1_right.jpg,N
2,42,Male,1,2_right.jpg,DO
4,53,Male,1,4_right.jpg,DO
5,50,Female,1,5_right.jpg,D
6,60,Male,1,6_right.jpg,DO
7,60,Female,1,7_right.jpg,DO
8,59,Male,0,8_right.jpg,N
9,54,Male,7,9_right.jpg,O
10,70,Male,0,10_right.jpg,O
11,60,Female,1,11_right.jpg,DH
13,60,Female,6,13_right.jpg,M
14,55,Male,7,14_right.jpg,O
15,50,Male,7,15_right.jpg,O
16,54,Female,6,16_right.jpg,M
17,57,Male,7,17_right.jpg,O
18,58,Male,6,18_right.jpg,M
19,45,Male,1,19_right.jpg,D
21,76,Female,7,21_right.jpg,O
23,47,Male,5,23_right.jpg,H
24,75,Female,3,24_right.jpg,C
26,63,Female,1,26_right.jpg,DO
27,33,Male,7,27_right.jpg,DO
28,63,Female,5,28_right.jpg,H
29,59,Male,0,29_right.jpg,O
31,62,Male,0,31_right.jpg,O
32,64,Female,5,32_right.jpg,H
33,60,Female,7,33_right.jpg,O
34,61,Male,7,34_right.jpg,O
35,68,Female,0,35_right.jpg,M
37,41,Male,0,37_right.jpg,DO
38,75,Male,0,38_right.jpg,O
40,62,Female,7,40_right.jpg,O
42,89,Male,7,42_right.jpg,O
43,35,Male,4,43_right.jpg,GA
44,55,Female,1,44_right.jpg,DO
45,54,Male,5,45_right.jpg,H
46,66,Male,6,46_right.jpg,DM
47,60,Female,0,47_right.jpg,DO
48,69,Female,4,48_right.jpg,A
49,47,Female,0,49_right.jpg,D
50,59,Female,1,50_right.jpg,DO
51,60,Male,7,51_right.jpg,O
52,67,Male,7,52_right.jpg,O
53,65,Female,4,53_right.jpg,A
54,66,Female,1,54_right.jpg,DM
55,62,Male,4,55_right.jpg,A
56,63,Female,7,56_right.jpg,O
58,74,Male,7,58_right.jpg,O
60,54,Female,7,60_right.jpg,O
61,59,Male,0,61_right.jpg,O
62,50,Male,5,62_right.jpg,H
64,80,Male,7,64_right.jpg,DO
65,56,Male,0,65_right.jpg,O
66,62,Male,0,66_right.jpg,O
67,56,Male,1,67_right.jpg,D
68,72,Female,7,68_right.jpg,O
71,56,Female,4,71_right.jpg,DA
72,78,Female,7,72_right.jpg,DO
73,67,Male,0,73_right.jpg,O
74,68,Male,0,74_right.jpg,DO
75,68,Male,7,75_right.jpg,O
77,67,Male,7,77_right.jpg,DO
78,46,Male,0,78_right.jpg,O
79,72,Female,1,79_right.jpg,DO
81,66,Male,1,81_right.jpg,DC
82,33,Male,7,82_right.jpg,O
83,61,Female,7,83_right.jpg,O
84,51,Female,0,84_right.jpg,N
85,67,Female,7,85_right.jpg,O
86,56,Female,6,86_right.jpg,DM
87,41,Female,1,87_right.jpg,D
88,71,Female,7,88_right.jpg,O
89,60,Female,1,89_right.jpg,DO
90,53,Female,1,90_right.jpg,DO
91,28,Male,7,91_right.jpg,O
93,70,Male,1,93_right.jpg,DO
94,55,Male,7,94_right.jpg,DO
95,46,Male,5,95_right.jpg,GH
96,56,Female,1,96_right.jpg,DO
97,64,Female,7,97_right.jpg,O
98,69,Male,0,98_right.jpg,O
99,62,Female,0,99_right.jpg,O
100,59,Male,0,100_right.jpg,O
101,45,Female,7,101_right.jpg,O
102,73,Female,4,102_right.jpg,A
103,55,Female,0,103_right.jpg,C
105,61,Female,0,105_right.jpg,O
106,57,Female,6,106_right.jpg,M
107,68,Female,1,107_right.jpg,DO
108,54,Female,0,108_right.jpg,DO
110,69,Male,0,110_right.jpg,O
111,64,Male,1,111_right.jpg,DO
112,57,Female,3,112_right.jpg,C
113,67,Female,7,113_right.jpg,DO
114,48,Male,0,114_right.jpg,O
115,66,Female,0,115_right.jpg,O
116,61,Male,5,116_right.jpg,H
117,65,Female,7,117_right.jpg,O
118,48,Male,1,118_right.jpg,DO
119,59,Male,7,119_right.jpg,CO
120,43,Male,1,120_right.jpg,DH
121,47,Female,0,121_right.jpg,DO
122,50,Female,0,122_right.jpg,O
123,72,Female,1,123_right.jpg,DO
125,71,Male,0,125_right.jpg,O
126,66,Male,4,126_right.jpg,A
127,52,Male,1,127_right.jpg,DH
128,67,Male,7,128_right.jpg,O
129,62,Female,0,129_right.jpg,O
130,66,Female,7,130_right.jpg,DO
132,63,Female,7,132_right.jpg,O
133,59,Female,1,133_right.jpg,DO
134,56,Male,7,134_right.jpg,O
135,41,Male,7,135_right.jpg,O
136,75,Female,7,136_right.jpg,AO
137,44,Male,1,137_right.jpg,DO
139,41,Male,1,139_right.jpg,DH
140,44,Male,7,140_right.jpg,O
141,32,Male,0,141_right.jpg,O
142,72,Female,7,142_right.jpg,O
143,54,Male,7,143_right.jpg,O
144,49,Female,0,144_right.jpg,M
145,50,Male,6,145_right.jpg,M
146,57,Female,7,146_right.jpg,O
148,70,Female,1,148_right.jpg,DO
149,57,Female,7,149_right.jpg,O
150,62,Male,0,150_right.jpg,O
152,55,Male,4,152_right.jpg,A
153,79,Male,4,153_right.jpg,GA
156,82,Female,7,156_right.jpg,O
157,65,Female,1,157_right.jpg,D
158,61,Male,4,158_right.jpg,A
159,69,Female,0,159_right.jpg,DO
160,40,Female,4,160_right.jpg,A
161,49,Male,1,161_right.jpg,DO
162,76,Female,4,162_right.jpg,A
163,61,Female,7,163_right.jpg,DO
164,62,Female,4,164_right.jpg,A
165,48,Male,0,165_right.jpg,O
166,65,Female,7,166_right.jpg,O
167,71,Male,2,167_right.jpg,G
168,66,Male,4,168_right.jpg,A
169,64,Female,7,169_right.jpg,DO
170,59,Male,0,170_right.jpg,O
172,68,Male,0,172_right.jpg,O
173,87,Male,7,173_right.jpg,O
174,71,Female,0,174_right.jpg,M
175,56,Female,1,175_right.jpg,DO
176,65,Female,1,176_right.jpg,DH
178,54,Male,4,178_right.jpg,GA
179,65,Female,5,179_right.jpg,H
180,45,Female,0,180_right.jpg,O
181,64,Male,7,181_right.jpg,O
182,64,Male,0,182_right.jpg,O
183,55,Male,0,183_right.jpg,O
184,69,Male,7,184_right.jpg,DO
185,63,Female,7,185_right.jpg,O
186,45,Male,1,186_right.jpg,DO
187,56,Female,7,187_right.jpg,O
188,55,Female,3,188_right.jpg,DCO
189,62,Male,7,189_right.jpg,O
190,51,Male,7,190_right.jpg,O
191,51,Female,0,191_right.jpg,N
192,66,Female,7,192_right.jpg,O
193,53,Male,1,193_right.jpg,DO
194,57,Male,7,194_right.jpg,O
195,73,Female,1,195_right.jpg,DO
196,65,Male,0,196_right.jpg,O
199,50,Female,1,199_right.jpg,DO
200,64,Female,0,200_right.jpg,O
201,62,Male,7,201_right.jpg,DO
204,54,Male,7,204_right.jpg,O
205,58,Male,0,205_right.jpg,O
206,67,Female,1,206_right.jpg,DO
207,51,Male,1,207_right.jpg,DO
208,68,Female,0,208_right.jpg,O
209,67,Male,1,209_right.jpg,D
210,70,Male,4,210_right.jpg,A
211,60,Male,1,211_right.jpg,D
212,67,Female,4,212_right.jpg,DA
213,44,Female,4,213_right.jpg,A
214,70,Male,6,214_right.jpg,M
215,53,Male,0,215_right.jpg,O
216,68,Male,7,216_right.jpg,DO
217,69,Female,1,217_right.jpg,DO
218,36,Female,3,218_right.jpg,CO
219,62,Male,0,219_right.jpg,O
221,60,Male,1,221_right.jpg,DO
222,68,Female,7,222_right.jpg,O
223,56,Female,1,223_right.jpg,D
224,54,Female,1,224_right.jpg,DO
225,70,Female,1,225_right.jpg,DM
226,50,Male,7,226_right.jpg,O
227,58,Female,7,227_right.jpg,O
228,54,Male,7,228_right.jpg,O
229,63,Female,1,229_right.jpg,D
230,56,Female,4,230_right.jpg,A
231,60,Female,7,231_right.jpg,DO
232,47,Female,7,232_right.jpg,O
233,56,Male,6,233_right.jpg,M
234,54,Male,1,234_right.jpg,D
235,67,Male,4,235_right.jpg,A
236,65,Male,0,236_right.jpg,O
237,55,Female,7,237_right.jpg,O
238,70,Male,4,238_right.jpg,GA
239,62,Male,7,239_right.jpg,O
240,35,Male,7,240_right.jpg,O
242,38,Female,0,242_right.jpg,O
243,67,Male,4,243_right.jpg,A
244,58,Male,0,244_right.jpg,O
245,65,Male,7,245_right.jpg,O
247,49,Male,4,247_right.jpg,GA
249,64,Male,1,249_right.jpg,D
250,60,Male,7,250_right.jpg,DO
251,62,Female,7,251_right.jpg,DO
252,77,Female,7,252_right.jpg,O
253,55,Female,0,253_right.jpg,O
254,60,Female,7,254_right.jpg,CO
255,75,Female,7,255_right.jpg,O
256,62,Male,7,256_right.jpg,O
257,57,Male,1,257_right.jpg,DO
258,58,Female,7,258_right.jpg,O
259,50,Female,7,259_right.jpg,O
260,63,Female,4,260_right.jpg,A
261,71,Female,7,261_right.jpg,O
262,65,Female,7,262_right.jpg,DO
263,52,Female,7,263_right.jpg,DO
264,58,Male,0,264_right.jpg,A
265,81,Male,4,265_right.jpg,A
266,67,Male,4,266_right.jpg,A
268,49,Female,1,268_right.jpg,DO
269,73,Female,7,269_right.jpg,O
270,64,Male,4,270_right.jpg,A
271,46,Male,0,271_right.jpg,O
272,59,Male,5,272_right.jpg,H
273,57,Male,7,273_right.jpg,O
274,53,Male,1,274_right.jpg,DO
275,61,Female,7,275_right.jpg,O
276,66,Male,0,276_right.jpg,O
277,75,Male,7,277_right.jpg,O
278,73,Female,7,278_right.jpg,O
279,56,Female,0,279_right.jpg,DO
280,54,Male,1,280_right.jpg,DO
281,68,Female,1,281_right.jpg,DO
282,55,Female,0,282_right.jpg,DO
283,66,Female,7,283_right.jpg,O
284,82,Male,1,284_right.jpg,D
285,62,Male,7,285_right.jpg,O
286,73,Female,7,286_right.jpg,O
287,60,Female,0,287_right.jpg,O
288,57,Female,1,288_right.jpg,DO
289,57,Male,1,289_right.jpg,DO
291,67,Male,1,291_right.jpg,DO
292,55,Male,4,292_right.jpg,A
293,31,Male,0,293_right.jpg,O
294,69,Female,0,294_right.jpg,C
295,45,Male,7,295_right.jpg,O
296,57,Female,1,296_right.jpg,DH
297,71,Male,7,297_right.jpg,O
298,55,Female,0,298_right.jpg,O
299,65,Female,7,299_right.jpg,DO
300,55,Male,5,300_right.jpg,H
301,55,Male,7,301_right.jpg,O
302,67,Female,7,302_right.jpg,O
303,47,Female,7,303_right.jpg,O
304,59,Female,7,304_right.jpg,DO
305,55,Male,5,305_right.jpg,DHO
306,62,Female,7,306_right.jpg,O
308,73,Male,7,308_right.jpg,DO
309,52,Female,1,309_right.jpg,D
310,33,Male,7,310_right.jpg,O
311,65,Male,4,311_right.jpg,DA
312,74,Male,1,312_right.jpg,DO
313,82,Male,7,313_right.jpg,O
314,62,Female,7,314_right.jpg,DO
315,57,Female,4,315_right.jpg,AH
316,51,Male,7,316_right.jpg,O
318,68,Female,7,318_right.jpg,O
319,58,Female,4,319_right.jpg,A
321,54,Female,4,321_right.jpg,A
323,65,Male,5,323_right.jpg,HO
324,55,Male,1,324_right.jpg,DO
325,39,Male,0,325_right.jpg,O
326,55,Male,7,326_right.jpg,O
327,53,Male,1,327_right.jpg,D
329,71,Male,0,329_right.jpg,O
330,65,Female,0,330_right.jpg,C
332,57,Female,7,332_right.jpg,O
333,45,Male,7,333_right.jpg,O
334,74,Female,4,334_right.jpg,A
335,50,Female,7,335_right.jpg,O
336,66,Male,0,336_right.jpg,O
337,55,Male,0,337_right.jpg,O
338,61,Female,1,338_right.jpg,DO
339,63,Female,7,339_right.jpg,O
340,66,Male,0,340_right.jpg,DO
341,66,Female,1,341_right.jpg,DO
342,68,Female,1,342_right.jpg,DO
343,66,Male,7,343_right.jpg,O
344,70,Female,7,344_right.jpg,O
345,64,Female,5,345_right.jpg,CH
347,67,Female,7,347_right.jpg,O
348,66,Female,1,348_right.jpg,D
349,72,Male,7,349_right.jpg,O
350,55,Female,0,350_right.jpg,O
351,68,Female,0,351_right.jpg,O
352,70,Male,7,352_right.jpg,O
353,55,Female,7,353_right.jpg,O
354,65,Male,3,354_right.jpg,C
355,55,Male,5,355_right.jpg,H
356,54,Female,7,356_right.jpg,O
357,66,Male,7,357_right.jpg,O
358,47,Male,1,358_right.jpg,DO
359,54,Male,4,359_right.jpg,A
360,59,Female,1,360_right.jpg,DO
361,59,Male,1,361_right.jpg,DO
363,65,Female,0,363_right.jpg,O
364,45,Male,0,364_right.jpg,O
365,60,Female,5,365_right.jpg,GH
366,74,Male,0,366_right.jpg,O
367,53,Male,1,367_right.jpg,DO
368,64,Male,7,368_right.jpg,DO
370,57,Male,0,370_right.jpg,O
371,58,Male,7,371_right.jpg,O
373,60,Female,7,373_right.jpg,O
374,44,Male,5,374_right.jpg,H
376,58,Female,1,376_right.jpg,DO
377,48,Male,4,377_right.jpg,A
378,54,Male,1,378_right.jpg,DO
379,77,Female,0,379_right.jpg,M
380,57,Male,7,380_right.jpg,DO
381,43,Female,0,381_right.jpg,O
382,62,Female,7,382_right.jpg,M
383,59,Female,1,383_right.jpg,DO
384,59,Male,7,384_right.jpg,O
385,58,Male,7,385_right.jpg,O
386,70,Male,1,386_right.jpg,DO
388,72,Male,7,388_right.jpg,O
389,54,Male,0,389_right.jpg,O
390,59,Female,6,390_right.jpg,M
391,56,Male,7,391_right.jpg,DO
392,57,Male,1,392_right.jpg,DO
393,75,Male,7,393_right.jpg,O
394,63,Male,0,394_right.jpg,N
396,55,Male,7,396_right.jpg,O
397,44,Male,1,397_right.jpg,DO
398,59,Female,1,398_right.jpg,DO
399,69,Female,0,399_right.jpg,DO
400,64,Male,7,400_right.jpg,O
401,60,Female,6,401_right.jpg,M
402,46,Male,7,402_right.jpg,O
403,47,Female,0,403_right.jpg,O
404,63,Male,7,404_right.jpg,O
405,61,Male,7,405_right.jpg,O
406,61,Female,7,406_right.jpg,O
407,52,Male,7,407_right.jpg,DO
408,47,Female,0,408_right.jpg,O
410,53,Female,4,410_right.jpg,AO
411,57,Male,1,411_right.jpg,D
412,60,Female,1,412_right.jpg,D
413,62,Male,1,413_right.jpg,DH
414,64,Female,1,414_right.jpg,DO
415,62,Male,1,415_right.jpg,D
416,60,Female,7,416_right.jpg,O
417,69,Female,0,417_right.jpg,O
418,51,Female,0,418_right.jpg,O
419,57,Male,4,419_right.jpg,A
420,63,Female,1,420_right.jpg,D
421,42,Male,7,421_right.jpg,O
422,47,Male,0,422_right.jpg,DO
423,70,Female,7,423_right.jpg,O
424,56,Male,4,424_right.jpg,A
425,81,Female,7,425_right.jpg,O
427,56,Female,0,427_right.jpg,DO
428,65,Female,1,428_right.jpg,DO
430,72,Female,1,430_right.jpg,DO
431,53,Male,1,431_right.jpg,DO
433,45,Female,0,433_right.jpg,O
434,70,Female,7,434_right.jpg,O
435,68,Male,7,435_right.jpg,DO
436,64,Male,1,436_right.jpg,DO
437,53,Female,7,437_right.jpg,DO
438,49,Female,0,438_right.jpg,O
439,79,Male,7,439_right.jpg,O
441,48,Male,1,441_right.jpg,DO
442,56,Male,1,442_right.jpg,D
443,59,Male,0,443_right.jpg,O
445,59,Male,1,445_right.jpg,D
446,54,Female,1,446_right.jpg,DO
447,56,Male,4,447_right.jpg,A
448,68,Male,1,448_right.jpg,DC
450,49,Female,7,450_right.jpg,O
451,56,Male,1,451_right.jpg,DO
452,54,Female,1,452_right.jpg,DO
454,60,Male,7,454_right.jpg,O
455,67,Male,4,455_right.jpg,A
456,71,Male,0,456_right.jpg,O
457,64,Female,7,457_right.jpg,O
458,72,Male,0,458_right.jpg,O
460,80,Male,0,460_right.jpg,O
461,62,Female,7,461_right.jpg,O
462,60,Female,1,462_right.jpg,DO
463,45,Male,0,463_right.jpg,O
464,50,Female,0,464_right.jpg,A
465,58,Female,7,465_right.jpg,CO
466,62,Male,1,466_right.jpg,DO
468,60,Female,7,468_right.jpg,O
469,69,Female,1,469_right.jpg,D
470,45,Male,0,470_right.jpg,O
471,43,Female,7,471_right.jpg,O
473,55,Male,7,473_right.jpg,DO
475,58,Female,6,475_right.jpg,DM
476,61,Female,7,476_right.jpg,O
477,65,Female,3,477_right.jpg,C
478,62,Male,0,478_right.jpg,O
479,72,Female,1,479_right.jpg,DO
480,67,Female,7,480_right.jpg,O
481,69,Female,0,481_right.jpg,M
482,73,Female,0,482_right.jpg,O
483,49,Male,0,483_right.jpg,O
484,54,Male,1,484_right.jpg,DO
485,80,Male,1,485_right.jpg,DO
486,56,Male,0,486_right.jpg,D
487,60,Male,7,487_right.jpg,O
488,54,Male,7,488_right.jpg,O
489,47,Female,1,489_right.jpg,DO
491,63,Male,1,491_right.jpg,DO
492,49,Male,1,492_right.jpg,D
494,49,Female,1,494_right.jpg,D
495,62,Female,1,495_right.jpg,DO
496,66,Female,7,496_right.jpg,O
497,53,Male,1,497_right.jpg,DO
498,43,Male,1,498_right.jpg,DO
499,62,Female,5,499_right.jpg,DH
500,53,Female,0,500_right.jpg,O
501,61,Male,0,501_right.jpg,O
502,42,Male,7,502_right.jpg,O
503,37,Male,0,503_right.jpg,O
504,78,Female,6,504_right.jpg,M
506,73,Male,1,506_right.jpg,DO
507,57,Female,1,507_right.jpg,DO
508,55,Male,0,508_right.jpg,O
509,43,Female,7,509_right.jpg,O
510,65,Female,7,510_right.jpg,O
511,68,Female,7,511_right.jpg,O
512,67,Female,0,512_right.jpg,DO
513,55,Female,4,513_right.jpg,A
514,67,Male,4,514_right.jpg,A
515,54,Female,7,515_right.jpg,O
516,42,Male,1,516_right.jpg,DO
517,66,Male,7,517_right.jpg,O
518,67,Male,1,518_right.jpg,DO
519,54,Male,1,519_right.jpg,DO
520,63,Female,7,520_right.jpg,O
521,73,Female,7,521_right.jpg,O
522,62,Female,7,522_right.jpg,DO
523,61,Female,7,523_right.jpg,O
524,44,Male,7,524_right.jpg,O
525,77,Female,6,525_right.jpg,M
526,73,Female,7,526_right.jpg,O
527,48,Male,0,527_right.jpg,O
528,58,Female,7,528_right.jpg,O
530,50,Male,0,530_right.jpg,N
531,60,Female,7,531_right.jpg,O
532,64,Female,4,532_right.jpg,A
533,69,Male,1,533_right.jpg,D
534,61,Female,0,534_right.jpg,O
535,47,Male,1,535_right.jpg,D
537,61,Female,1,537_right.jpg,DO
538,62,Female,1,538_right.jpg,DO
540,82,Male,4,540_right.jpg,DA
542,64,Male,7,542_right.jpg,DO
543,48,Male,5,543_right.jpg,DH
544,57,Male,1,544_right.jpg,DO
545,62,Female,0,545_right.jpg,O
546,30,Male,1,546_right.jpg,DO
547,69,Male,4,547_right.jpg,A
548,59,Male,0,548_right.jpg,O
549,70,Female,0,549_right.jpg,DO
550,55,Male,1,550_right.jpg,D
551,57,Female,1,551_right.jpg,D
552,35,Male,0,552_right.jpg,O
553,69,Female,3,553_right.jpg,C
554,33,Male,7,554_right.jpg,O
555,55,Male,0,555_right.jpg,O
556,67,Male,1,556_right.jpg,D
557,45,Male,1,557_right.jpg,DO
558,52,Male,7,558_right.jpg,DO
559,48,Male,7,559_right.jpg,O
560,74,Male,3,560_right.jpg,C
561,59,Female,5,561_right.jpg,H
562,73,Male,1,562_right.jpg,D
563,62,Female,1,563_right.jpg,D
564,53,Female,4,564_right.jpg,A
565,59,Female,4,565_right.jpg,A
566,60,Male,1,566_right.jpg,DO
567,60,Male,6,567_right.jpg,DM
569,64,Male,1,569_right.jpg,D
570,65,Female,7,570_right.jpg,O
571,52,Female,5,571_right.jpg,DH
572,74,Female,4,572_right.jpg,A
573,53,Female,7,573_right.jpg,O
574,52,Male,1,574_right.jpg,DO
575,65,Male,7,575_right.jpg,O
576,62,Female,1,576_right.jpg,DO
578,42,Male,1,578_right.jpg,D
579,70,Male,1,579_right.jpg,DO
580,64,Female,7,580_right.jpg,O
582,48,Male,1,582_right.jpg,D
583,54,Male,2,583_right.jpg,G
584,56,Male,0,584_right.jpg,O
585,70,Male,7,585_right.jpg,O
587,53,Male,0,587_right.jpg,O
589,67,Male,7,589_right.jpg,O
590,57,Male,7,590_right.jpg,O
591,62,Male,7,591_right.jpg,O
592,61,Male,1,592_right.jpg,DO
593,69,Female,1,593_right.jpg,DO
594,70,Female,1,594_right.jpg,DC
596,52,Male,1,596_right.jpg,DO
597,61,Female,1,597_right.jpg,D
598,50,Female,0,598_right.jpg,D
599,65,Male,7,599_right.jpg,O
601,50,Female,1,601_right.jpg,DO
602,63,Male,0,602_right.jpg,O
603,66,Female,4,603_right.jpg,A
604,56,Female,1,604_right.jpg,DO
605,52,Male,1,605_right.jpg,DH
607,59,Male,1,607_right.jpg,D
608,55,Male,4,608_right.jpg,A
609,60,Female,1,609_right.jpg,DO
610,59,Female,4,610_right.jpg,A
611,73,Male,7,611_right.jpg,CO
612,54,Male,1,612_right.jpg,DO
613,54,Male,0,613_right.jpg,O
614,44,Male,0,614_right.jpg,A
615,60,Male,4,615_right.jpg,A
616,45,Female,1,616_right.jpg,D
617,62,Male,7,617_right.jpg,O
618,63,Male,0,618_right.jpg,O
619,56,Female,1,619_right.jpg,D
621,59,Female,1,621_right.jpg,DO
622,62,Male,1,622_right.jpg,DO
623,43,Female,0,623_right.jpg,O
624,56,Female,7,624_right.jpg,O
625,72,Female,3,625_right.jpg,GCO
627,58,Female,1,627_right.jpg,DO
628,66,Female,0,628_right.jpg,O
629,73,Female,7,629_right.jpg,CO
630,66,Female,1,630_right.jpg,DO
632,58,Male,1,632_right.jpg,DO
634,68,Female,1,634_right.jpg,DO
635,29,Female,7,635_right.jpg,DO
636,61,Female,7,636_right.jpg,O
638,52,Male,0,638_right.jpg,A
639,56,Female,7,639_right.jpg,DO
640,57,Male,7,640_right.jpg,O
641,47,Male,7,641_right.jpg,O
642,38,Male,7,642_right.jpg,DO
643,73,Female,7,643_right.jpg,O
644,69,Male,7,644_right.jpg,O
645,43,Male,1,645_right.jpg,DO
646,64,Female,7,646_right.jpg,O
647,64,Male,1,647_right.jpg,DO
648,55,Female,0,648_right.jpg,DO
649,62,Male,1,649_right.jpg,DO
650,59,Male,7,650_right.jpg,O
652,78,Male,0,652_right.jpg,O
653,44,Male,0,653_right.jpg,DO
654,34,Male,1,654_right.jpg,D
655,50,Female,0,655_right.jpg,O
657,46,Male,7,657_right.jpg,O
660,69,Female,7,660_right.jpg,DO
661,66,Female,7,661_right.jpg,O
662,70,Male,4,662_right.jpg,A
664,34,Male,7,664_right.jpg,DO
665,54,Male,7,665_right.jpg,O
666,60,Female,1,666_right.jpg,DO
667,55,Male,1,667_right.jpg,D
668,67,Male,1,668_right.jpg,DO
669,56,Male,0,669_right.jpg,D
672,68,Male,1,672_right.jpg,DO
674,64,Female,7,674_right.jpg,O
675,56,Male,5,675_right.jpg,HO
676,52,Male,1,676_right.jpg,DO
677,49,Male,0,677_right.jpg,DO
678,54,Male,1,678_right.jpg,D
679,51,Male,0,679_right.jpg,O
680,69,Female,0,680_right.jpg,O
681,56,Male,4,681_right.jpg,A
682,65,Female,7,682_right.jpg,DO
684,60,Female,1,684_right.jpg,DO
685,59,Male,0,685_right.jpg,O
686,37,Male,5,686_right.jpg,H
687,52,Male,1,687_right.jpg,D
688,60,Female,1,688_right.jpg,DO
689,28,Female,0,689_right.jpg,O
690,62,Male,1,690_right.jpg,DO
691,68,Female,1,691_right.jpg,DC
692,45,Female,1,692_right.jpg,DO
693,60,Female,0,693_right.jpg,O
694,64,Female,0,694_right.jpg,O
695,52,Female,0,695_right.jpg,N
696,43,Male,0,696_right.jpg,O
697,56,Female,1,697_right.jpg,DO
698,65,Male,6,698_right.jpg,DM
699,68,Male,1,699_right.jpg,DO
700,60,Male,7,700_right.jpg,DO
701,60,Male,1,701_right.jpg,DO
702,65,Female,7,702_right.jpg,O
703,63,Female,1,703_right.jpg,DO
704,52,Female,0,704_right.jpg,O
705,61,Male,0,705_right.jpg,O
707,59,Female,1,707_right.jpg,DO
708,57,Male,1,708_right.jpg,DO
709,57,Male,1,709_right.jpg,D
710,56,Female,7,710_right.jpg,O
711,62,Female,7,711_right.jpg,O
712,62,Male,1,712_right.jpg,DA
713,49,Male,1,713_right.jpg,DO
714,65,Male,1,714_right.jpg,D
715,66,Female,0,715_right.jpg,O
717,79,Male,0,717_right.jpg,O
718,52,Male,1,718_right.jpg,DO
719,59,Female,4,719_right.jpg,A
720,58,Male,5,720_right.jpg,HO
722,64,Male,6,722_right.jpg,DM
723,53,Female,5,723_right.jpg,H
724,60,Male,7,724_right.jpg,O
725,37,Female,7,725_right.jpg,O
726,60,Female,3,726_right.jpg,C
727,43,Male,7,727_right.jpg,O
728,59,Male,0,728_right.jpg,O
730,59,Male,1,730_right.jpg,DO
731,58,Male,7,731_right.jpg,O
732,54,Male,7,732_right.jpg,O
733,60,Female,1,733_right.jpg,DO
735,77,Male,7,735_right.jpg,DO
737,41,Male,6,737_right.jpg,M
738,48,Male,0,738_right.jpg,O
739,63,Male,7,739_right.jpg,O
740,56,Male,1,740_right.jpg,D
741,64,Female,0,741_right.jpg,M
742,45,Female,0,742_right.jpg,O
743,56,Female,7,743_right.jpg,DO
744,65,Female,7,744_right.jpg,DO
745,70,Female,7,745_right.jpg,DO
746,59,Male,2,746_right.jpg,DG
747,49,Male,7,747_right.jpg,O
748,63,Female,1,748_right.jpg,DO
749,45,Male,0,749_right.jpg,O
750,56,Male,1,750_right.jpg,DC
751,70,Female,0,751_right.jpg,O
752,56,Male,7,752_right.jpg,DO
753,55,Female,1,753_right.jpg,DO
754,64,Male,5,754_right.jpg,DH
755,69,Female,1,755_right.jpg,D
756,65,Female,7,756_right.jpg,O
758,51,Female,7,758_right.jpg,O
759,58,Female,5,759_right.jpg,H
761,56,Female,4,761_right.jpg,A
763,59,Male,1,763_right.jpg,DO
764,35,Female,7,764_right.jpg,O
765,70,Female,1,765_right.jpg,D
766,64,Male,7,766_right.jpg,O
767,61,Female,7,767_right.jpg,O
768,65,Female,1,768_right.jpg,DO
769,58,Female,3,769_right.jpg,DC
771,45,Female,0,771_right.jpg,M
772,70,Female,0,772_right.jpg,O
773,56,Male,7,773_right.jpg,O
774,70,Female,7,774_right.jpg,O
775,60,Male,4,775_right.jpg,DA
776,54,Female,7,776_right.jpg,O
777,68,Female,5,777_right.jpg,H
778,53,Female,7,778_right.jpg,DO
779,59,Male,7,779_right.jpg,DO
780,37,Male,0,780_right.jpg,O
781,65,Female,7,781_right.jpg,O
782,44,Male,0,782_right.jpg,O
783,68,Female,5,783_right.jpg,DH
784,67,Male,1,784_right.jpg,D
785,76,Female,7,785_right.jpg,DO
786,52,Female,1,786_right.jpg,D
787,60,Female,7,787_right.jpg,DO
788,48,Male,4,788_right.jpg,A
789,65,Female,7,789_right.jpg,O
790,61,Male,5,790_right.jpg,H
791,36,Male,1,791_right.jpg,DO
792,59,Female,1,792_right.jpg,DO
794,62,Female,1,794_right.jpg,D
795,56,Female,0,795_right.jpg,DO
796,64,Male,1,796_right.jpg,DO
798,44,Male,0,798_right.jpg,O
799,54,Male,1,799_right.jpg,DO
800,62,Male,7,800_right.jpg,O
801,63,Male,1,801_right.jpg,D
802,46,Male,1,802_right.jpg,DO
803,59,Male,7,803_right.jpg,DO
805,70,Male,0,805_right.jpg,O
807,72,Female,0,807_right.jpg,DO
808,48,Male,4,808_right.jpg,DA
809,67,Male,0,809_right.jpg,C
810,57,Female,7,810_right.jpg,DO
812,59,Female,1,812_right.jpg,D
813,65,Male,1,813_right.jpg,D
814,76,Male,1,814_right.jpg,DO
815,56,Female,4,815_right.jpg,A
816,64,Male,7,816_right.jpg,HO
818,52,Male,5,818_right.jpg,DH
819,60,Female,7,819_right.jpg,DO
820,82,Female,0,820_right.jpg,C
821,60,Female,4,821_right.jpg,A
822,59,Male,7,822_right.jpg,O
824,74,Female,0,824_right.jpg,C
825,59,Male,1,825_right.jpg,DO
826,60,Female,5,826_right.jpg,HO
828,63,Female,7,828_right.jpg,O
829,68,Male,7,829_right.jpg,O
831,54,Male,6,831_right.jpg,DM
832,61,Male,0,832_right.jpg,N
834,47,Female,7,834_right.jpg,O
835,58,Female,7,835_right.jpg,O
837,45,Male,0,837_right.jpg,O
838,67,Male,7,838_right.jpg,O
840,40,Male,0,840_right.jpg,O
841,64,Female,0,841_right.jpg,O
844,43,Female,7,844_right.jpg,O
845,64,Female,0,845_right.jpg,O
846,54,Male,0,846_right.jpg,O
847,56,Female,4,847_right.jpg,AO
848,56,Male,0,848_right.jpg,O
849,60,Female,5,849_right.jpg,H
850,68,Male,7,850_right.jpg,DO
852,67,Female,4,852_right.jpg,A
853,30,Male,7,853_right.jpg,O
854,74,Male,7,854_right.jpg,O
855,55,Female,4,855_right.jpg,A
856,46,Male,0,856_right.jpg,O
857,63,Male,7,857_right.jpg,DO
858,25,Male,7,858_right.jpg,O
859,61,Male,7,859_right.jpg,O
860,62,Female,1,860_right.jpg,D
861,55,Male,1,861_right.jpg,DH
862,65,Female,0,862_right.jpg,O
864,71,Female,1,864_right.jpg,D
865,61,Male,1,865_right.jpg,DO
868,55,Female,1,868_right.jpg,DO
869,40,Male,7,869_right.jpg,O
870,69,Male,4,870_right.jpg,A
871,70,Female,7,871_right.jpg,DO
872,64,Female,0,872_right.jpg,O
873,66,Male,7,873_right.jpg,O
874,60,Female,1,874_right.jpg,DC
875,63,Female,0,875_right.jpg,O
876,71,Male,7,876_right.jpg,O
877,75,Female,7,877_right.jpg,O
878,60,Male,0,878_right.jpg,O
879,54,Female,0,879_right.jpg,O
880,70,Male,7,880_right.jpg,DO
881,56,Female,7,881_right.jpg,DO
883,63,Male,0,883_right.jpg,O
884,60,Female,0,884_right.jpg,O
885,54,Male,4,885_right.jpg,A
886,65,Female,4,886_right.jpg,AO
888,56,Male,4,888_right.jpg,A
889,58,Female,4,889_right.jpg,A
890,48,Female,1,890_right.jpg,DO
891,59,Female,7,891_right.jpg,O
892,68,Male,7,892_right.jpg,O
893,34,Male,0,893_right.jpg,O
894,54,Male,7,894_right.jpg,O
896,57,Female,7,896_right.jpg,O
897,65,Male,0,897_right.jpg,O
898,77,Female,1,898_right.jpg,DO
899,54,Female,7,899_right.jpg,O
901,57,Male,7,901_right.jpg,O
902,70,Female,7,902_right.jpg,O
903,72,Male,7,903_right.jpg,O
904,66,Female,7,904_right.jpg,DO
905,60,Male,1,905_right.jpg,DO
906,59,Female,0,906_right.jpg,O
907,74,Male,7,907_right.jpg,CO
908,74,Female,6,908_right.jpg,M
909,48,Male,0,909_right.jpg,O
910,62,Male,4,910_right.jpg,A
911,60,Female,7,911_right.jpg,DO
912,74,Male,0,912_right.jpg,O
913,61,Female,1,913_right.jpg,DO
916,45,Female,1,916_right.jpg,D
917,60,Male,1,917_right.jpg,D
918,60,Female,0,918_right.jpg,O
919,45,Male,0,919_right.jpg,O
921,57,Male,7,921_right.jpg,O
922,45,Female,0,922_right.jpg,O
923,49,Male,1,923_right.jpg,DO
924,72,Female,7,924_right.jpg,O
925,43,Female,7,925_right.jpg,O
926,44,Female,1,926_right.jpg,DO
927,66,Male,4,927_right.jpg,A
928,45,Female,7,928_right.jpg,O
929,55,Male,7,929_right.jpg,DO
930,75,Female,0,930_right.jpg,O
931,65,Male,2,931_right.jpg,DG
932,63,Female,7,932_right.jpg,O
933,69,Male,7,933_right.jpg,O
934,72,Female,1,934_right.jpg,DA
938,76,Male,1,938_right.jpg,DAM
939,41,Female,0,939_right.jpg,N
940,48,Female,0,940_right.jpg,O
941,59,Male,7,941_right.jpg,O
942,46,Female,0,942_right.jpg,O
943,64,Male,7,943_right.jpg,O
945,44,Male,7,945_right.jpg,O
946,60,Male,7,946_right.jpg,O
947,44,Female,1,947_right.jpg,D
948,65,Male,1,948_right.jpg,DO
949,49,Male,3,949_right.jpg,DC
950,48,Female,7,950_right.jpg,O
951,41,Male,0,951_right.jpg,N
952,76,Female,7,952_right.jpg,DO
953,46,Male,7,953_right.jpg,DO
954,61,Female,0,954_right.jpg,O
955,75,Male,3,955_right.jpg,C
957,45,Male,5,957_right.jpg,H
958,52,Male,7,958_right.jpg,O
959,63,Female,7,959_right.jpg,DO
960,55,Male,1,960_right.jpg,D
961,72,Male,4,961_right.jpg,A
962,68,Female,7,962_right.jpg,DO
963,63,Female,7,963_right.jpg,O
964,71,Male,1,964_right.jpg,DO
965,45,Male,0,965_right.jpg,O
966,59,Female,0,966_right.jpg,DO
968,68,Female,5,968_right.jpg,H
970,56,Female,3,970_right.jpg,DC
971,56,Male,4,971_right.jpg,A
972,53,Male,1,972_right.jpg,DO
973,70,Male,7,973_right.jpg,O
974,64,Male,0,974_right.jpg,O
976,78,Male,1,976_right.jpg,DO
977,81,Female,0,977_right.jpg,A
978,59,Male,1,978_right.jpg,DA
979,56,Male,7,979_right.jpg,O
980,51,Male,1,980_right.jpg,D
981,80,Male,7,981_right.jpg,DO
983,63,Male,5,983_right.jpg,H
986,68,Female,7,986_right.jpg,O
987,64,Female,0,987_right.jpg,O
990,41,Female,7,990_right.jpg,O
991,56,Male,1,991_right.jpg,DO
992,53,Female,4,992_right.jpg,A
993,69,Male,7,993_right.jpg,DO
996,56,Male,0,996_right.jpg,O
997,63,Female,1,997_right.jpg,DO
998,36,Male,4,998_right.jpg,AH
999,56,Female,3,999_right.jpg,C
1005,78,Female,0,1005_right.jpg,O
1006,64,Male,7,1006_right.jpg,O
1008,65,Male,7,1008_right.jpg,O
1010,63,Female,7,1010_right.jpg,O
1011,36,Male,7,1011_right.jpg,O
1012,56,Female,6,1012_right.jpg,MO
1013,66,Female,7,1013_right.jpg,O
1014,70,Female,0,1014_right.jpg,O
1015,53,Female,7,1015_right.jpg,O
1016,62,Female,7,1016_right.jpg,O
1018,69,Male,0,1018_right.jpg,O
1019,80,Female,0,1019_right.jpg,O
1021,64,Female,7,1021_right.jpg,O
1022,37,Male,1,1022_right.jpg,D
1023,67,Female,7,1023_right.jpg,O
1024,60,Male,5,1024_right.jpg,DH
1028,50,Female,0,1028_right.jpg,O
1031,53,Male,5,1031_right.jpg,HO
1032,67,Female,7,1032_right.jpg,O
1033,54,Male,7,1033_right.jpg,O
1034,56,Male,0,1034_right.jpg,N
1035,53,Male,1,1035_right.jpg,D
1038,54,Female,7,1038_right.jpg,O
1039,82,Female,0,1039_right.jpg,O
1040,65,Male,0,1040_right.jpg,O
1041,71,Female,7,1041_right.jpg,O
1043,57,Female,4,1043_right.jpg,A
1045,51,Male,5,1045_right.jpg,H
1046,55,Male,5,1046_right.jpg,H
1048,60,Female,5,1048_right.jpg,H
1050,60,Female,7,1050_right.jpg,O
1052,71,Female,7,1052_right.jpg,O
1053,33,Female,7,1053_right.jpg,O
1054,59,Male,0,1054_right.jpg,N
1056,62,Male,5,1056_right.jpg,HO
1058,28,Female,7,1058_right.jpg,O
1059,43,Male,0,1059_right.jpg,O
1060,54,Male,0,1060_right.jpg,N
1061,49,Female,0,1061_right.jpg,O
1062,61,Female,3,1062_right.jpg,C
1064,61,Male,4,1064_right.jpg,A
1066,62,Male,0,1066_right.jpg,O
1068,59,Male,1,1068_right.jpg,D
1071,52,Male,1,1071_right.jpg,D
1072,54,Female,0,1072_right.jpg,N
1074,67,Female,0,1074_right.jpg,O
1075,67,Male,0,1075_right.jpg,A
1077,79,Female,7,1077_right.jpg,O
1079,64,Female,7,1079_right.jpg,O
1080,60,Female,0,1080_right.jpg,O
1081,47,Female,5,1081_right.jpg,H
1082,48,Male,1,1082_right.jpg,D
1083,55,Female,1,1083_right.jpg,DC
1084,60,Male,3,1084_right.jpg,DC
1085,32,Male,4,1085_right.jpg,A
1086,62,Male,7,1086_right.jpg,O
1090,55,Male,0,1090_right.jpg,O
1091,70,Female,4,1091_right.jpg,A
1092,68,Female,7,1092_right.jpg,O
1093,53,Male,0,1093_right.jpg,O
1094,49,Male,1,1094_right.jpg,D
1097,59,Male,7,1097_right.jpg,O
1098,66,Male,4,1098_right.jpg,A
1099,57,Female,7,1099_right.jpg,O
1102,56,Male,3,1102_right.jpg,C
1103,29,Male,6,1103_right.jpg,M
1104,66,Female,4,1104_right.jpg,A
1106,64,Male,1,1106_right.jpg,D
1109,60,Male,7,1109_right.jpg,O
1111,65,Female,4,1111_right.jpg,A
1113,56,Female,1,1113_right.jpg,D
1114,67,Male,0,1114_right.jpg,O
1115,81,Female,0,1115_right.jpg,C
1116,23,Male,7,1116_right.jpg,O
1117,65,Male,7,1117_right.jpg,O
1118,47,Female,7,1118_right.jpg,O
1119,65,Male,0,1119_right.jpg,O
1120,55,Male,7,1120_right.jpg,O
1121,47,Female,0,1121_right.jpg,O
1122,65,Female,0,1122_right.jpg,O
1124,63,Male,0,1124_right.jpg,O
1125,37,Female,4,1125_right.jpg,A
1126,64,Female,3,1126_right.jpg,C
1127,56,Male,7,1127_right.jpg,O
1129,69,Female,0,1129_right.jpg,O
1130,60,Female,0,1130_right.jpg,O
1132,56,Male,7,1132_right.jpg,O
1133,56,Male,0,1133_right.jpg,O
1136,67,Female,1,1136_right.jpg,D
1138,46,Male,1,1138_right.jpg,D
1142,60,Female,0,1142_right.jpg,O
1143,45,Male,0,1143_right.jpg,O
1144,60,Male,3,1144_right.jpg,DC
1145,40,Female,0,1145_right.jpg,O
1146,59,Female,0,1146_right.jpg,O
1147,65,Female,1,1147_right.jpg,D
1148,57,Male,7,1148_right.jpg,O
1150,71,Male,6,1150_right.jpg,M
1151,60,Male,7,1151_right.jpg,O
1152,54,Female,1,1152_right.jpg,D
1153,65,Female,1,1153_right.jpg,D
1154,43,Female,4,1154_right.jpg,A
1157,68,Male,1,1157_right.jpg,D
1160,69,Female,7,1160_right.jpg,O
1164,67,Female,0,1164_right.jpg,C
1165,44,Male,7,1165_right.jpg,O
1166,59,Female,7,1166_right.jpg,O
1167,64,Male,1,1167_right.jpg,DC
1168,67,Female,4,1168_right.jpg,A
1169,26,Female,0,1169_right.jpg,O
1170,56,Male,7,1170_right.jpg,O
1171,74,Female,0,1171_right.jpg,O
1172,65,Female,0,1172_right.jpg,O
1173,59,Female,0,1173_right.jpg,O
1174,71,Female,7,1174_right.jpg,O
1176,65,Female,7,1176_right.jpg,O
1177,63,Female,0,1177_right.jpg,O
1186,54,Female,0,1186_right.jpg,O
1191,58,Male,0,1191_right.jpg,DA
1195,62,Female,0,1195_right.jpg,O
1196,67,Male,4,1196_right.jpg,A
1197,54,Female,4,1197_right.jpg,A
1198,44,Female,0,1198_right.jpg,O
1200,55,Female,7,1200_right.jpg,O
1202,42,Female,4,1202_right.jpg,AO
1205,58,Female,1,1205_right.jpg,D
1206,54,Male,6,1206_right.jpg,DM
1207,61,Female,0,1207_right.jpg,O
1209,69,Female,2,1209_right.jpg,G
1210,62,Male,2,1210_right.jpg,G
1211,80,Male,2,1211_right.jpg,GO
1212,73,Female,2,1212_right.jpg,G
1213,76,Male,2,1213_right.jpg,GM
1214,70,Female,2,1214_right.jpg,GO
1215,68,Male,2,1215_right.jpg,G
1216,45,Male,2,1216_right.jpg,G
1217,70,Male,2,1217_right.jpg,G
1218,68,Female,2,1218_right.jpg,G
1219,72,Female,7,1219_right.jpg,MO
1220,58,Female,2,1220_right.jpg,G
1221,70,Male,2,1221_right.jpg,GO
1222,59,Male,2,1222_right.jpg,G
1225,39,Male,2,1225_right.jpg,GM
1226,74,Female,2,1226_right.jpg,G
1227,62,Female,2,1227_right.jpg,G
1229,66,Male,2,1229_right.jpg,G
1230,52,Male,2,1230_right.jpg,DG
1231,59,Female,2,1231_right.jpg,G
1232,61,Male,2,1232_right.jpg,G
1234,66,Female,2,1234_right.jpg,G
1237,62,Male,2,1237_right.jpg,G
1238,45,Male,2,1238_right.jpg,DG
1239,62,Male,2,1239_right.jpg,G
1240,69,Female,7,1240_right.jpg,O
1241,64,Female,2,1241_right.jpg,G
1242,1,Female,0,1242_right.jpg,O
1243,81,Female,4,1243_right.jpg,GA
1245,65,Female,7,1245_right.jpg,O
1246,70,Female,2,1246_right.jpg,G
1247,65,Male,2,1247_right.jpg,G
1248,74,Female,2,1248_right.jpg,G
1250,54,Male,7,1250_right.jpg,GM
1251,68,Female,2,1251_right.jpg,DG
1253,60,Female,0,1253_right.jpg,N
1254,77,Female,2,1254_right.jpg,G
1255,33,Male,2,1255_right.jpg,GO
1256,84,Male,2,1256_right.jpg,G
1258,72,Male,2,1258_right.jpg,G
1259,56,Male,2,1259_right.jpg,G
1260,66,Female,2,1260_right.jpg,G
1261,62,Female,2,1261_right.jpg,G
1262,70,Female,2,1262_right.jpg,G
1263,62,Male,2,1263_right.jpg,GHO
1264,54,Male,7,1264_right.jpg,GO
1265,75,Male,2,1265_right.jpg,G
1266,68,Male,2,1266_right.jpg,G
1267,55,Male,2,1267_right.jpg,G
1268,56,Female,2,1268_right.jpg,G
1269,81,Female,2,1269_right.jpg,G
1270,62,Male,2,1270_right.jpg,G
1271,59,Female,2,1271_right.jpg,G
1272,59,Female,2,1272_right.jpg,G
1273,62,Male,2,1273_right.jpg,GO
1276,63,Male,2,1276_right.jpg,G
1277,74,Male,2,1277_right.jpg,GO
1279,84,Female,2,1279_right.jpg,GM
1280,50,Female,0,1280_right.jpg,GA
1281,61,Male,2,1281_right.jpg,DG
1282,68,Female,2,1282_right.jpg,G
1284,42,Male,2,1284_right.jpg,G
1285,62,Female,1,1285_right.jpg,DC
1286,62,Male,2,1286_right.jpg,DG
1287,74,Male,2,1287_right.jpg,G
1288,63,Male,2,1288_right.jpg,G
1289,71,Female,2,1289_right.jpg,GM
1290,54,Male,2,1290_right.jpg,GH
1291,63,Male,2,1291_right.jpg,GO
1294,73,Male,2,1294_right.jpg,G
1295,64,Female,4,1295_right.jpg,A
1296,60,Female,7,1296_right.jpg,O
1297,70,Male,2,1297_right.jpg,GO
1299,49,Female,0,1299_right.jpg,O
1301,68,Male,2,1301_right.jpg,G
1302,49,Female,2,1302_right.jpg,DG
1303,49,Male,5,1303_right.jpg,GHO
1304,56,Female,7,1304_right.jpg,O
1306,72,Male,2,1306_right.jpg,G
1307,64,Female,2,1307_right.jpg,G
1308,45,Female,7,1308_right.jpg,O
1309,49,Male,2,1309_right.jpg,GH
1310,61,Female,7,1310_right.jpg,O
1311,67,Female,7,1311_right.jpg,O
1314,43,Female,4,1314_right.jpg,GA
1318,61,Female,2,1318_right.jpg,G
1319,61,Male,2,1319_right.jpg,G
1325,76,Female,2,1325_right.jpg,G
1327,74,Female,2,1327_right.jpg,GO
1330,67,Female,2,1330_right.jpg,G
1334,69,Male,2,1334_right.jpg,G
1344,52,Female,2,1344_right.jpg,G
1345,49,Female,2,1345_right.jpg,G
1349,73,Male,6,1349_right.jpg,M
1351,36,Male,2,1351_right.jpg,G
1352,45,Male,2,1352_right.jpg,G
1353,63,Male,2,1353_right.jpg,G
1362,47,Female,2,1362_right.jpg,G
1364,53,Female,1,1364_right.jpg,DM
1365,67,Female,2,1365_right.jpg,G
1371,81,Male,2,1371_right.jpg,G
1373,68,Male,5,1373_right.jpg,HO
1374,63,Female,2,1374_right.jpg,G
1377,64,Female,2,1377_right.jpg,GH
1378,72,Female,2,1378_right.jpg,G
1383,67,Female,7,1383_right.jpg,GO
1386,67,Female,2,1386_right.jpg,G
1388,62,Male,2,1388_right.jpg,DG
1389,64,Female,2,1389_right.jpg,G
1392,80,Female,2,1392_right.jpg,G
1393,31,Female,2,1393_right.jpg,G
1396,63,Male,7,1396_right.jpg,GO
1397,56,Female,0,1397_right.jpg,G
1402,63,Male,1,1402_right.jpg,DG
1404,50,Female,0,1404_right.jpg,G
1405,67,Male,7,1405_right.jpg,GO
1406,78,Female,0,1406_right.jpg,DG
1408,69,Male,2,1408_right.jpg,GO
1409,79,Female,1,1409_right.jpg,DG
1410,69,Female,1,1410_right.jpg,DGO
1411,79,Female,2,1411_right.jpg,GO
1412,71,Female,2,1412_right.jpg,GO
1413,68,Female,2,1413_right.jpg,DG
1414,66,Male,0,1414_right.jpg,G
1415,81,Female,3,1415_right.jpg,GC
1416,66,Female,2,1416_right.jpg,G
1417,83,Male,2,1417_right.jpg,G
1418,68,Male,0,1418_right.jpg,G
1419,67,Female,7,1419_right.jpg,GO
1420,76,Female,2,1420_right.jpg,GO
1421,60,Male,0,1421_right.jpg,G
1423,75,Male,0,1423_right.jpg,G
1424,74,Male,0,1424_right.jpg,G
1425,70,Female,2,1425_right.jpg,G
1426,68,Female,7,1426_right.jpg,GO
1427,70,Male,2,1427_right.jpg,G
1428,71,Female,0,1428_right.jpg,DG
1429,62,Female,0,1429_right.jpg,G
1431,73,Male,2,1431_right.jpg,G
1433,57,Male,2,1433_right.jpg,G
1434,54,Male,1,1434_right.jpg,DG
1435,79,Male,0,1435_right.jpg,C
1436,65,Female,2,1436_right.jpg,G
1439,60,Female,0,1439_right.jpg,G
1440,67,Male,2,1440_right.jpg,G
1441,50,Male,0,1441_right.jpg,G
1443,57,Male,2,1443_right.jpg,G
1444,73,Female,0,1444_right.jpg,C
1447,56,Male,0,1447_right.jpg,G
1450,76,Female,0,1450_right.jpg,G
1452,57,Male,0,1452_right.jpg,C
1453,77,Male,2,1453_right.jpg,G
1454,79,Male,3,1454_right.jpg,CO
1458,75,Female,4,1458_right.jpg,GA
1460,62,Female,3,1460_right.jpg,C
1462,71,Male,7,1462_right.jpg,GO
1465,54,Male,2,1465_right.jpg,G
1468,79,Male,0,1468_right.jpg,C
1469,51,Female,2,1469_right.jpg,G
1470,42,Male,2,1470_right.jpg,G
1471,45,Male,7,1471_right.jpg,GO
1473,57,Male,2,1473_right.jpg,G
1474,79,Female,7,1474_right.jpg,DGO
1475,73,Male,0,1475_right.jpg,G
1476,68,Male,2,1476_right.jpg,G
1477,71,Female,2,1477_right.jpg,G
1478,35,Male,0,1478_right.jpg,G
1479,76,Female,0,1479_right.jpg,G
1480,81,Male,2,1480_right.jpg,GO
1482,69,Male,1,1482_right.jpg,DG
1483,69,Female,3,1483_right.jpg,C
1484,65,Female,3,1484_right.jpg,C
1485,69,Female,2,1485_right.jpg,G
1486,61,Male,0,1486_right.jpg,G
1487,56,Female,2,1487_right.jpg,G
1488,51,Female,2,1488_right.jpg,DG
1489,76,Female,0,1489_right.jpg,G
1490,79,Female,3,1490_right.jpg,C
1491,60,Female,0,1491_right.jpg,G
1492,54,Male,2,1492_right.jpg,G
1493,49,Male,0,1493_right.jpg,G
1494,38,Male,0,1494_right.jpg,G
1495,64,Female,2,1495_right.jpg,G
1496,31,Female,1,1496_right.jpg,DG
1497,54,Male,2,1497_right.jpg,G
1498,52,Male,0,1498_right.jpg,G
1503,49,Male,2,1503_right.jpg,G
1507,62,Male,2,1507_right.jpg,G
1510,56,Male,2,1510_right.jpg,G
1513,79,Female,6,1513_right.jpg,M
1514,33,Male,0,1514_right.jpg,G
1515,78,Male,0,1515_right.jpg,G
1516,71,Female,7,1516_right.jpg,O
1519,68,Female,6,1519_right.jpg,M
1520,57,Male,6,1520_right.jpg,MO
1523,76,Female,6,1523_right.jpg,M
1526,74,Female,6,1526_right.jpg,M
1527,64,Female,6,1527_right.jpg,M
1528,59,Female,7,1528_right.jpg,MO
1529,57,Male,6,1529_right.jpg,M
1530,70,Male,6,1530_right.jpg,M
1531,63,Female,6,1531_right.jpg,M
1532,62,Female,6,1532_right.jpg,M
1533,62,Female,6,1533_right.jpg,M
1534,67,Female,6,1534_right.jpg,M
1535,45,Male,6,1535_right.jpg,M
1536,66,Female,7,1536_right.jpg,MO
1537,42,Male,6,1537_right.jpg,M
1538,49,Female,6,1538_right.jpg,M
1539,68,Male,6,1539_right.jpg,M
1540,56,Female,6,1540_right.jpg,M
1541,50,Male,0,1541_right.jpg,M
1543,30,Female,6,1543_right.jpg,DM
1544,68,Female,6,1544_right.jpg,M
1545,58,Female,6,1545_right.jpg,M
1546,53,Male,6,1546_right.jpg,M
1547,66,Female,6,1547_right.jpg,M
1548,63,Female,6,1548_right.jpg,M
1549,78,Female,6,1549_right.jpg,M
1550,76,Male,6,1550_right.jpg,M
1551,50,Male,6,1551_right.jpg,M
1552,67,Male,6,1552_right.jpg,M
1553,51,Female,6,1553_right.jpg,M
1554,78,Female,6,1554_right.jpg,M
1555,71,Male,6,1555_right.jpg,M
1556,66,Female,0,1556_right.jpg,M
1557,35,Female,7,1557_right.jpg,MO
1558,73,Female,6,1558_right.jpg,M
1559,56,Female,6,1559_right.jpg,MO
1560,77,Female,6,1560_right.jpg,MO
1561,63,Female,6,1561_right.jpg,M
1562,62,Female,6,1562_right.jpg,M
1563,1,Female,6,1563_right.jpg,M
1564,1,Female,6,1564_right.jpg,M
1565,1,Female,6,1565_right.jpg,M
1567,47,Male,6,1567_right.jpg,MO
1568,1,Female,6,1568_right.jpg,M
1569,50,Male,6,1569_right.jpg,M
1570,46,Female,6,1570_right.jpg,M
1572,75,Male,6,1572_right.jpg,M
1573,69,Female,6,1573_right.jpg,MO
1574,73,Female,6,1574_right.jpg,MO
1576,67,Female,6,1576_right.jpg,M
1578,34,Female,6,1578_right.jpg,M
1579,57,Female,6,1579_right.jpg,M
1580,58,Female,6,1580_right.jpg,M
1581,58,Female,6,1581_right.jpg,MO
1583,1,Female,6,1583_right.jpg,M
1584,73,Female,6,1584_right.jpg,M
1585,56,Female,6,1585_right.jpg,MO
1586,60,Female,6,1586_right.jpg,M
1588,1,Female,6,1588_right.jpg,M
1589,1,Female,6,1589_right.jpg,M
1590,1,Female,6,1590_right.jpg,M
1593,57,Female,6,1593_right.jpg,M
1594,65,Female,6,1594_right.jpg,M
1595,1,Female,6,1595_right.jpg,MO
1597,64,Female,6,1597_right.jpg,MO
1599,1,Female,6,1599_right.jpg,M
1600,1,Female,6,1600_right.jpg,M
1601,73,Female,6,1601_right.jpg,M
1602,38,Female,6,1602_right.jpg,M
1603,1,Female,6,1603_right.jpg,M
1605,54,Male,6,1605_right.jpg,M
1606,54,Male,6,1606_right.jpg,M
1607,62,Female,6,1607_right.jpg,M
1609,58,Female,7,1609_right.jpg,MO
1610,64,Male,0,1610_right.jpg,M
1611,70,Female,0,1611_right.jpg,M
1612,53,Female,6,1612_right.jpg,M
1613,66,Female,6,1613_right.jpg,M
1614,56,Female,6,1614_right.jpg,MO
1615,60,Female,6,1615_right.jpg,M
1616,47,Female,6,1616_right.jpg,M
1617,1,Female,6,1617_right.jpg,M
1618,67,Female,6,1618_right.jpg,M
1619,70,Female,6,1619_right.jpg,M
1620,62,Male,6,1620_right.jpg,M
1621,50,Female,6,1621_right.jpg,M
1623,58,Female,6,1623_right.jpg,M
1624,71,Female,6,1624_right.jpg,M
1629,50,Female,6,1629_right.jpg,M
1630,61,Male,6,1630_right.jpg,M
1642,63,Male,6,1642_right.jpg,MO
1644,63,Female,6,1644_right.jpg,MO
1647,69,Male,6,1647_right.jpg,M
1652,32,Female,6,1652_right.jpg,MO
1657,50,Female,1,1657_right.jpg,DM
1659,58,Female,6,1659_right.jpg,MO
1663,77,Male,0,1663_right.jpg,M
1664,45,Female,6,1664_right.jpg,MO
1666,47,Male,6,1666_right.jpg,M
1673,73,Male,6,1673_right.jpg,MO
1674,74,Female,7,1674_right.jpg,DMO
1677,87,Male,6,1677_right.jpg,MO
1681,70,Male,6,1681_right.jpg,MO
1683,72,Female,6,1683_right.jpg,MO
1686,51,Male,6,1686_right.jpg,M
1694,52,Male,6,1694_right.jpg,MO
1706,63,Female,1,1706_right.jpg,DM
1718,65,Male,1,1718_right.jpg,DMO
1731,72,Female,1,1731_right.jpg,DMO
1799,72,Female,4,1799_right.jpg,AO
1801,61,Female,4,1801_right.jpg,AO
1817,51,Female,4,1817_right.jpg,A
1819,80,Male,4,1819_right.jpg,A
1820,65,Male,4,1820_right.jpg,A
1829,1,Female,4,1829_right.jpg,A
1830,54,Female,4,1830_right.jpg,A
1831,68,Male,4,1831_right.jpg,A
1833,65,Female,5,1833_right.jpg,H
1834,60,Female,4,1834_right.jpg,A
1835,64,Female,4,1835_right.jpg,A
1836,45,Female,4,1836_right.jpg,A
1837,49,Male,4,1837_right.jpg,A
1838,62,Male,1,1838_right.jpg,DO
1840,61,Male,4,1840_right.jpg,A
1841,68,Male,4,1841_right.jpg,A
1843,79,Female,4,1843_right.jpg,A
1844,67,Male,4,1844_right.jpg,A
1845,55,Male,4,1845_right.jpg,A
1846,73,Female,4,1846_right.jpg,A
1847,61,Female,4,1847_right.jpg,A
1850,65,Female,4,1850_right.jpg,A
1853,48,Male,4,1853_right.jpg,AH
1854,83,Male,4,1854_right.jpg,A
1856,84,Female,4,1856_right.jpg,A
1857,66,Male,4,1857_right.jpg,A
1859,59,Male,4,1859_right.jpg,A
1862,67,Female,4,1862_right.jpg,A
1865,65,Male,7,1865_right.jpg,GO
1867,64,Male,5,1867_right.jpg,H
1868,63,Male,4,1868_right.jpg,A
1869,75,Male,4,1869_right.jpg,A
1872,63,Male,4,1872_right.jpg,A
1873,66,Male,4,1873_right.jpg,A
1874,87,Male,4,1874_right.jpg,A
1876,62,Male,4,1876_right.jpg,A
1877,64,Male,4,1877_right.jpg,A
1878,63,Female,4,1878_right.jpg,A
1879,68,Male,4,1879_right.jpg,A
1880,68,Male,4,1880_right.jpg,A
1881,67,Female,4,1881_right.jpg,GA
1884,78,Female,4,1884_right.jpg,AO
1885,66,Male,4,1885_right.jpg,A
1886,74,Female,4,1886_right.jpg,A
1889,45,Male,4,1889_right.jpg,A
1890,55,Female,0,1890_right.jpg,A
1891,64,Male,4,1891_right.jpg,AO
1892,69,Female,4,1892_right.jpg,A
1893,67,Female,4,1893_right.jpg,A
1919,50,Male,4,1919_right.jpg,AO
1942,52,Male,1,1942_right.jpg,DA
1959,54,Male,2,1959_right.jpg,G
1963,57,Female,2,1963_right.jpg,DG
1964,54,Female,7,1964_right.jpg,GO
1967,54,Male,2,1967_right.jpg,G
1970,81,Female,7,1970_right.jpg,GO
1971,65,Male,1,1971_right.jpg,DGM
1975,55,Male,0,1975_right.jpg,G
1977,70,Male,2,1977_right.jpg,G
1985,53,Female,7,1985_right.jpg,DGO
1986,70,Male,7,1986_right.jpg,GO
1987,70,Female,7,1987_right.jpg,CO
1989,62,Male,5,1989_right.jpg,H
1990,56,Female,7,1990_right.jpg,GO
1994,67,Male,1,1994_right.jpg,DCO
1999,60,Male,7,1999_right.jpg,GO
2004,47,Male,5,2004_right.jpg,H
2006,44,Male,7,2006_right.jpg,GO
2020,51,Male,0,2020_right.jpg,GO
2030,66,Male,1,2030_right.jpg,DGO
2032,48,Male,1,2032_right.jpg,DG
2034,63,Male,7,2034_right.jpg,AO
2048,63,Male,2,2048_right.jpg,GHO
2052,62,Male,5,2052_right.jpg,CH
2063,77,Male,2,2063_right.jpg,DGO
2064,56,Female,5,2064_right.jpg,DH
2065,58,Male,7,2065_right.jpg,AO
2066,52,Male,5,2066_right.jpg,H
2070,50,Male,5,2070_right.jpg,H
2074,24,Male,3,2074_right.jpg,GC
2078,42,Female,1,2078_right.jpg,DAO
2095,76,Female,3,2095_right.jpg,C
2096,74,Male,3,2096_right.jpg,DC
2097,74,Female,3,2097_right.jpg,C
2098,75,Female,3,2098_right.jpg,C
2099,69,Female,1,2099_right.jpg,DC
2100,31,Male,3,2100_right.jpg,DCO
2101,62,Male,3,2101_right.jpg,C
2102,67,Female,3,2102_right.jpg,CO
2103,61,Female,3,2103_right.jpg,DC
2104,74,Male,3,2104_right.jpg,C
2105,76,Female,3,2105_right.jpg,C
2106,81,Female,3,2106_right.jpg,C
2108,64,Female,3,2108_right.jpg,C
2109,82,Male,3,2109_right.jpg,C
2110,70,Female,3,2110_right.jpg,C
2111,73,Female,7,2111_right.jpg,CO
2112,62,Female,3,2112_right.jpg,C
2113,52,Female,3,2113_right.jpg,C
2114,80,Female,3,2114_right.jpg,C
2115,71,Female,3,2115_right.jpg,DC
2116,81,Female,3,2116_right.jpg,C
2117,71,Female,1,2117_right.jpg,DC
2118,77,Female,3,2118_right.jpg,CO
2119,91,Male,3,2119_right.jpg,C
2120,72,Female,3,2120_right.jpg,C
2121,56,Male,0,2121_right.jpg,C
2122,85,Male,3,2122_right.jpg,C
2123,47,Male,7,2123_right.jpg,CO
2124,61,Female,7,2124_right.jpg,CO
2125,83,Female,0,2125_right.jpg,C
2126,75,Male,3,2126_right.jpg,C
2127,70,Male,3,2127_right.jpg,C
2128,81,Female,3,2128_right.jpg,C
2129,73,Male,3,2129_right.jpg,C
2130,54,Male,3,2130_right.jpg,C
2132,59,Female,0,2132_right.jpg,C
2133,63,Male,3,2133_right.jpg,C
2134,54,Female,3,2134_right.jpg,C
2135,71,Female,3,2135_right.jpg,C
2136,76,Female,0,2136_right.jpg,C
2137,44,Female,3,2137_right.jpg,C
2138,79,Female,3,2138_right.jpg,C
2139,71,Male,3,2139_right.jpg,C
2140,70,Male,3,2140_right.jpg,C
2141,51,Male,3,2141_right.jpg,DC
2142,75,Female,3,2142_right.jpg,C
2143,83,Female,3,2143_right.jpg,C
2144,75,Male,3,2144_right.jpg,C
2145,73,Female,7,2145_right.jpg,CO
2146,87,Male,3,2146_right.jpg,C
2147,55,Female,7,2147_right.jpg,CO
2149,73,Female,3,2149_right.jpg,C
2150,78,Male,3,2150_right.jpg,C
2151,51,Female,3,2151_right.jpg,C
2152,58,Female,0,2152_right.jpg,C
2153,54,Male,3,2153_right.jpg,C
2154,83,Male,0,2154_right.jpg,C
2155,72,Male,3,2155_right.jpg,C
2156,78,Male,1,2156_right.jpg,DC
2157,80,Female,3,2157_right.jpg,C
2158,61,Female,3,2158_right.jpg,C
2160,76,Female,3,2160_right.jpg,C
2161,59,Male,3,2161_right.jpg,DC
2162,63,Male,3,2162_right.jpg,C
2163,58,Male,3,2163_right.jpg,C
2164,67,Male,3,2164_right.jpg,DC
2165,36,Female,3,2165_right.jpg,DC
2166,60,Male,1,2166_right.jpg,DC
2167,75,Female,3,2167_right.jpg,C
2168,64,Female,3,2168_right.jpg,DCO
2169,42,Male,3,2169_right.jpg,C
2170,35,Male,3,2170_right.jpg,C
2171,87,Female,0,2171_right.jpg,C
2172,73,Male,0,2172_right.jpg,C
2173,81,Female,3,2173_right.jpg,CO
2174,65,Female,3,2174_right.jpg,C
2175,63,Male,0,2175_right.jpg,C
2176,82,Female,3,2176_right.jpg,C
2177,87,Male,3,2177_right.jpg,C
2178,84,Male,3,2178_right.jpg,C
2179,70,Female,3,2179_right.jpg,C
2180,66,Female,3,2180_right.jpg,C
2181,79,Female,3,2181_right.jpg,C
2182,70,Male,3,2182_right.jpg,C
2183,47,Female,3,2183_right.jpg,C
2184,65,Female,3,2184_right.jpg,C
2185,72,Female,7,2185_right.jpg,CO
2187,63,Female,3,2187_right.jpg,C
2189,81,Female,3,2189_right.jpg,C
2190,84,Female,3,2190_right.jpg,C
2191,80,Female,3,2191_right.jpg,C
2192,50,Female,3,2192_right.jpg,C
2193,50,Female,3,2193_right.jpg,C
2194,50,Male,3,2194_right.jpg,C
2195,47,Female,3,2195_right.jpg,C
2196,69,Female,3,2196_right.jpg,C
2197,52,Male,3,2197_right.jpg,C
2198,69,Female,3,2198_right.jpg,C
2199,69,Female,7,2199_right.jpg,CO
2200,64,Female,1,2200_right.jpg,DCO
2201,59,Male,3,2201_right.jpg,DC
2203,59,Female,3,2203_right.jpg,C
2204,64,Female,7,2204_right.jpg,CO
2205,51,Female,3,2205_right.jpg,C
2206,65,Female,3,2206_right.jpg,C
2207,65,Male,3,2207_right.jpg,C
2208,62,Male,3,2208_right.jpg,C
2209,80,Male,3,2209_right.jpg,C
2210,78,Female,3,2210_right.jpg,C
2211,80,Male,3,2211_right.jpg,C
2212,82,Male,3,2212_right.jpg,C
2213,83,Female,3,2213_right.jpg,C
2215,69,Male,0,2215_right.jpg,C
2216,38,Male,3,2216_right.jpg,C
2217,85,Female,3,2217_right.jpg,C
2218,48,Male,3,2218_right.jpg,C
2219,68,Female,3,2219_right.jpg,C
2220,54,Female,3,2220_right.jpg,DC
2221,71,Male,3,2221_right.jpg,C
2222,45,Female,7,2222_right.jpg,CO
2223,56,Male,3,2223_right.jpg,C
2225,57,Male,3,2225_right.jpg,C
2226,52,Female,3,2226_right.jpg,DC
2227,62,Female,3,2227_right.jpg,C
2228,64,Female,3,2228_right.jpg,DC
2231,66,Female,3,2231_right.jpg,C
2232,75,Male,3,2232_right.jpg,C
2233,77,Female,3,2233_right.jpg,C
2234,66,Female,1,2234_right.jpg,DC
2235,64,Male,0,2235_right.jpg,C
2236,72,Female,3,2236_right.jpg,C
2237,76,Male,3,2237_right.jpg,C
2239,46,Male,3,2239_right.jpg,C
2240,64,Male,3,2240_right.jpg,C
2242,63,Male,3,2242_right.jpg,C
2243,80,Male,3,2243_right.jpg,C
2244,76,Male,3,2244_right.jpg,C
2246,69,Male,3,2246_right.jpg,C
2247,73,Male,3,2247_right.jpg,C
2248,74,Female,3,2248_right.jpg,C
2251,70,Male,3,2251_right.jpg,C
2262,65,Female,1,2262_right.jpg,DC
2282,64,Male,3,2282_right.jpg,DCO
2329,53,Female,0,2329_right.jpg,N
2330,32,Female,0,2330_right.jpg,N
2331,59,Male,0,2331_right.jpg,N
2332,59,Female,0,2332_right.jpg,N
2333,30,Female,0,2333_right.jpg,N
2334,63,Female,0,2334_right.jpg,N
2335,55,Female,0,2335_right.jpg,N
2336,44,Female,0,2336_right.jpg,N
2337,61,Female,0,2337_right.jpg,N
2338,64,Male,0,2338_right.jpg,N
2339,35,Male,0,2339_right.jpg,N
2340,61,Male,0,2340_right.jpg,N
2341,69,Female,0,2341_right.jpg,N
2342,76,Male,0,2342_right.jpg,N
2343,53,Male,0,2343_right.jpg,N
2345,60,Male,0,2345_right.jpg,N
2346,47,Female,0,2346_right.jpg,N
2347,74,Female,0,2347_right.jpg,N
2348,67,Female,0,2348_right.jpg,N
2349,45,Male,0,2349_right.jpg,N
2351,51,Male,0,2351_right.jpg,N
2352,40,Male,0,2352_right.jpg,N
2353,51,Female,0,2353_right.jpg,N
2354,33,Female,0,2354_right.jpg,N
2355,35,Male,0,2355_right.jpg,N
2356,51,Male,0,2356_right.jpg,N
2357,70,Female,0,2357_right.jpg,N
2359,46,Male,0,2359_right.jpg,N
2360,66,Male,0,2360_right.jpg,N
2361,46,Male,0,2361_right.jpg,N
2362,56,Male,0,2362_right.jpg,N
2363,66,Female,0,2363_right.jpg,N
2364,58,Male,0,2364_right.jpg,N
2365,56,Male,0,2365_right.jpg,N
2366,59,Male,0,2366_right.jpg,N
2367,75,Female,0,2367_right.jpg,N
2368,57,Male,0,2368_right.jpg,N
2369,55,Male,0,2369_right.jpg,N
2370,46,Female,0,2370_right.jpg,N
2371,57,Female,0,2371_right.jpg,N
2372,80,Female,0,2372_right.jpg,N
2373,44,Male,0,2373_right.jpg,N
2374,47,Female,0,2374_right.jpg,N
2375,73,Male,0,2375_right.jpg,N
2376,65,Female,0,2376_right.jpg,N
2378,80,Female,0,2378_right.jpg,N
2379,66,Male,0,2379_right.jpg,N
2380,67,Male,0,2380_right.jpg,N
2381,35,Male,0,2381_right.jpg,N
2382,47,Female,0,2382_right.jpg,N
2383,42,Male,0,2383_right.jpg,N
2384,65,Female,0,2384_right.jpg,N
2385,74,Female,0,2385_right.jpg,N
2386,62,Male,0,2386_right.jpg,N
2387,64,Female,0,2387_right.jpg,N
2388,54,Female,0,2388_right.jpg,N
2389,64,Male,0,2389_right.jpg,N
2390,67,Male,0,2390_right.jpg,N
2391,52,Female,0,2391_right.jpg,N
2392,68,Female,0,2392_right.jpg,N
2393,64,Female,0,2393_right.jpg,N
2394,73,Female,0,2394_right.jpg,N
2395,70,Male,0,2395_right.jpg,N
2396,62,Female,0,2396_right.jpg,N
2397,58,Male,0,2397_right.jpg,N
2398,55,Male,0,2398_right.jpg,N
2399,66,Male,0,2399_right.jpg,N
2400,68,Male,0,2400_right.jpg,N
2401,57,Female,0,2401_right.jpg,N
2402,57,Male,0,2402_right.jpg,N
2403,55,Female,0,2403_right.jpg,N
2404,36,Male,0,2404_right.jpg,N
2405,62,Female,0,2405_right.jpg,N
2406,53,Male,0,2406_right.jpg,N
2407,56,Female,0,2407_right.jpg,N
2408,78,Female,0,2408_right.jpg,N
2409,52,Male,0,2409_right.jpg,N
2410,61,Female,0,2410_right.jpg,N
2411,75,Female,0,2411_right.jpg,N
2412,60,Female,0,2412_right.jpg,N
2413,53,Female,0,2413_right.jpg,N
2414,60,Female,0,2414_right.jpg,N
2415,66,Female,0,2415_right.jpg,N
2416,72,Female,0,2416_right.jpg,N
2417,51,Male,0,2417_right.jpg,N
2418,40,Female,0,2418_right.jpg,N
2419,69,Female,0,2419_right.jpg,N
2420,64,Male,0,2420_right.jpg,N
2421,51,Female,0,2421_right.jpg,N
2422,63,Female,0,2422_right.jpg,N
2423,32,Female,0,2423_right.jpg,N
2424,58,Female,0,2424_right.jpg,N
2425,68,Male,0,2425_right.jpg,N
2426,54,Female,0,2426_right.jpg,N
2427,51,Female,0,2427_right.jpg,N
2429,68,Female,0,2429_right.jpg,N
2430,45,Female,0,2430_right.jpg,N
2431,51,Female,0,2431_right.jpg,N
2432,45,Female,0,2432_right.jpg,N
2433,33,Female,0,2433_right.jpg,N
2434,54,Male,0,2434_right.jpg,N
2435,28,Male,0,2435_right.jpg,N
2436,42,Male,0,2436_right.jpg,N
2437,74,Male,0,2437_right.jpg,N
2438,56,Female,0,2438_right.jpg,N
2439,58,Male,0,2439_right.jpg,N
2440,59,Female,0,2440_right.jpg,N
2441,60,Female,0,2441_right.jpg,N
2442,54,Male,0,2442_right.jpg,N
2443,46,Male,0,2443_right.jpg,N
2444,65,Female,0,2444_right.jpg,N
2445,58,Male,0,2445_right.jpg,N
2446,53,Male,0,2446_right.jpg,N
2447,34,Female,0,2447_right.jpg,N
2449,48,Female,0,2449_right.jpg,N
2451,67,Male,0,2451_right.jpg,N
2452,58,Male,0,2452_right.jpg,N
2454,65,Female,0,2454_right.jpg,N
2456,48,Male,0,2456_right.jpg,N
2457,69,Male,0,2457_right.jpg,N
2458,52,Female,0,2458_right.jpg,N
2459,39,Female,0,2459_right.jpg,N
2460,66,Female,0,2460_right.jpg,N
2461,66,Male,0,2461_right.jpg,N
2462,53,Male,0,2462_right.jpg,N
2463,41,Female,0,2463_right.jpg,N
2465,62,Female,0,2465_right.jpg,N
2466,70,Male,0,2466_right.jpg,N
2467,69,Female,0,2467_right.jpg,N
2469,74,Female,0,2469_right.jpg,N
2470,46,Female,0,2470_right.jpg,N
2471,56,Female,0,2471_right.jpg,N
2472,60,Female,0,2472_right.jpg,N
2473,31,Male,0,2473_right.jpg,N
2474,58,Female,0,2474_right.jpg,N
2475,53,Male,0,2475_right.jpg,N
2476,70,Female,0,2476_right.jpg,N
2479,40,Female,0,2479_right.jpg,N
2480,63,Female,0,2480_right.jpg,N
2481,55,Male,0,2481_right.jpg,N
2482,64,Male,0,2482_right.jpg,N
2483,33,Male,0,2483_right.jpg,N
2484,60,Male,0,2484_right.jpg,N
2485,56,Female,0,2485_right.jpg,N
2486,50,Female,0,2486_right.jpg,N
2487,63,Male,0,2487_right.jpg,N
2488,48,Female,0,2488_right.jpg,N
2489,50,Male,0,2489_right.jpg,N
2490,60,Male,0,2490_right.jpg,N
2492,43,Male,0,2492_right.jpg,N
2493,40,Male,0,2493_right.jpg,N
2495,68,Female,0,2495_right.jpg,N
2496,52,Female,0,2496_right.jpg,N
2497,45,Male,0,2497_right.jpg,N
2498,59,Female,0,2498_right.jpg,N
2499,74,Female,0,2499_right.jpg,N
2500,35,Male,0,2500_right.jpg,N
2501,50,Male,0,2501_right.jpg,N
2502,40,Male,0,2502_right.jpg,N
2503,64,Female,0,2503_right.jpg,N
2504,65,Female,0,2504_right.jpg,N
2505,55,Female,0,2505_right.jpg,N
2506,66,Female,0,2506_right.jpg,N
2507,43,Male,0,2507_right.jpg,N
2508,74,Male,0,2508_right.jpg,N
2509,72,Female,0,2509_right.jpg,N
2510,66,Male,0,2510_right.jpg,N
2511,53,Male,0,2511_right.jpg,N
2512,50,Male,0,2512_right.jpg,N
2513,69,Male,0,2513_right.jpg,N
2514,62,Male,0,2514_right.jpg,N
2517,69,Male,0,2517_right.jpg,N
2518,56,Male,0,2518_right.jpg,N
2519,61,Female,0,2519_right.jpg,N
2520,69,Male,0,2520_right.jpg,N
2521,78,Female,0,2521_right.jpg,N
2522,60,Male,0,2522_right.jpg,N
2523,53,Male,0,2523_right.jpg,N
2524,59,Male,0,2524_right.jpg,N
2525,34,Male,0,2525_right.jpg,N
2526,62,Female,0,2526_right.jpg,N
2527,70,Female,0,2527_right.jpg,N
2528,37,Male,0,2528_right.jpg,N
2529,59,Female,0,2529_right.jpg,N
2530,55,Male,0,2530_right.jpg,N
2531,44,Male,0,2531_right.jpg,N
2532,56,Female,0,2532_right.jpg,N
2533,56,Female,0,2533_right.jpg,N
2534,76,Male,0,2534_right.jpg,N
2535,60,Female,0,2535_right.jpg,N
2537,56,Male,0,2537_right.jpg,N
2538,58,Male,0,2538_right.jpg,N
2539,52,Female,0,2539_right.jpg,N
2540,64,Male,0,2540_right.jpg,N
2541,58,Male,0,2541_right.jpg,N
2542,73,Male,0,2542_right.jpg,N
2543,49,Male,0,2543_right.jpg,N
2544,57,Male,0,2544_right.jpg,N
2545,46,Male,0,2545_right.jpg,N
2547,59,Male,0,2547_right.jpg,N
2548,49,Male,0,2548_right.jpg,N
2549,46,Male,0,2549_right.jpg,N
2551,63,Female,0,2551_right.jpg,N
2552,73,Male,0,2552_right.jpg,N
2553,54,Female,0,2553_right.jpg,N
2554,57,Male,0,2554_right.jpg,N
2555,51,Male,0,2555_right.jpg,N
2556,62,Male,0,2556_right.jpg,N
2557,79,Male,0,2557_right.jpg,N
2558,65,Male,0,2558_right.jpg,N
2559,52,Male,0,2559_right.jpg,N
2560,38,Male,0,2560_right.jpg,N
2561,32,Male,0,2561_right.jpg,N
2562,41,Female,0,2562_right.jpg,N
2563,49,Male,0,2563_right.jpg,N
2564,60,Female,0,2564_right.jpg,N
2565,59,Female,0,2565_right.jpg,N
2566,62,Female,0,2566_right.jpg,N
2567,47,Male,0,2567_right.jpg,N
2568,65,Female,0,2568_right.jpg,N
2569,68,Female,0,2569_right.jpg,N
2570,53,Male,0,2570_right.jpg,N
2571,70,Female,0,2571_right.jpg,N
2572,48,Female,0,2572_right.jpg,N
2573,61,Male,0,2573_right.jpg,N
2574,54,Female,0,2574_right.jpg,N
2575,47,Female,0,2575_right.jpg,N
2576,67,Male,0,2576_right.jpg,N
2577,60,Male,0,2577_right.jpg,N
2579,41,Male,0,2579_right.jpg,N
2580,59,Male,0,2580_right.jpg,N
2581,54,Female,0,2581_right.jpg,N
2583,66,Male,0,2583_right.jpg,N
2584,62,Female,0,2584_right.jpg,N
2585,56,Male,0,2585_right.jpg,N
2586,53,Female,0,2586_right.jpg,N
2587,46,Male,0,2587_right.jpg,N
2588,75,Male,0,2588_right.jpg,N
2589,45,Male,0,2589_right.jpg,N
2590,50,Female,0,2590_right.jpg,N
2591,41,Male,0,2591_right.jpg,N
2592,38,Male,0,2592_right.jpg,N
2593,66,Female,0,2593_right.jpg,N
2594,61,Male,0,2594_right.jpg,N
2595,75,Male,0,2595_right.jpg,N
2596,63,Female,0,2596_right.jpg,N
2597,61,Male,0,2597_right.jpg,N
2598,67,Male,0,2598_right.jpg,N
2599,61,Male,0,2599_right.jpg,N
2600,57,Male,0,2600_right.jpg,N
2601,67,Male,0,2601_right.jpg,N
2602,52,Female,0,2602_right.jpg,N
2603,45,Male,0,2603_right.jpg,N
2604,64,Female,0,2604_right.jpg,N
2605,64,Male,0,2605_right.jpg,N
2608,54,Female,0,2608_right.jpg,N
2609,66,Male,0,2609_right.jpg,N
2610,46,Female,0,2610_right.jpg,N
2611,70,Female,0,2611_right.jpg,N
2612,56,Male,0,2612_right.jpg,N
2613,64,Male,0,2613_right.jpg,N
2614,56,Male,0,2614_right.jpg,N
2615,72,Female,0,2615_right.jpg,N
2616,52,Female,0,2616_right.jpg,N
2617,65,Male,0,2617_right.jpg,N
2618,58,Male,0,2618_right.jpg,N
2619,73,Female,0,2619_right.jpg,N
2621,72,Male,0,2621_right.jpg,N
2622,59,Male,0,2622_right.jpg,N
2623,45,Female,0,2623_right.jpg,N
2624,56,Male,0,2624_right.jpg,N
2625,51,Male,0,2625_right.jpg,N
2626,55,Female,0,2626_right.jpg,N
2627,64,Female,0,2627_right.jpg,N
2628,48,Male,0,2628_right.jpg,N
2629,34,Male,0,2629_right.jpg,N
2630,43,Male,0,2630_right.jpg,N
2631,52,Male,0,2631_right.jpg,N
2632,63,Male,0,2632_right.jpg,N
2633,62,Female,0,2633_right.jpg,N
2634,87,Female,0,2634_right.jpg,N
2635,55,Female,0,2635_right.jpg,N
2636,51,Female,0,2636_right.jpg,N
2637,60,Female,0,2637_right.jpg,N
2638,48,Male,0,2638_right.jpg,N
2639,65,Female,0,2639_right.jpg,N
2640,49,Male,0,2640_right.jpg,N
2641,32,Female,0,2641_right.jpg,N
2642,25,Male,0,2642_right.jpg,N
2643,28,Male,0,2643_right.jpg,N
2644,41,Male,0,2644_right.jpg,N
2645,51,Female,0,2645_right.jpg,N
2646,50,Female,0,2646_right.jpg,N
2647,43,Male,0,2647_right.jpg,N
2649,66,Male,0,2649_right.jpg,N
2650,51,Female,0,2650_right.jpg,N
2651,55,Female,0,2651_right.jpg,N
2652,49,Female,0,2652_right.jpg,N
2653,31,Male,0,2653_right.jpg,N
2654,76,Male,0,2654_right.jpg,N
2655,64,Male,0,2655_right.jpg,N
2657,56,Female,0,2657_right.jpg,N
2658,48,Male,0,2658_right.jpg,N
2659,56,Male,0,2659_right.jpg,N
2660,66,Female,0,2660_right.jpg,N
2661,45,Female,0,2661_right.jpg,N
2662,49,Female,0,2662_right.jpg,N
2663,61,Male,0,2663_right.jpg,N
2665,63,Male,0,2665_right.jpg,N
2666,61,Male,0,2666_right.jpg,N
2667,68,Female,0,2667_right.jpg,N
2668,45,Male,0,2668_right.jpg,N
2669,50,Male,0,2669_right.jpg,N
2670,75,Male,0,2670_right.jpg,N
2671,67,Male,0,2671_right.jpg,N
2672,28,Female,0,2672_right.jpg,N
2673,65,Male,0,2673_right.jpg,N
2675,49,Male,0,2675_right.jpg,N
2676,58,Female,0,2676_right.jpg,N
2677,89,Female,0,2677_right.jpg,N
2678,67,Female,0,2678_right.jpg,N
2679,51,Female,0,2679_right.jpg,N
2680,51,Female,0,2680_right.jpg,N
2681,66,Female,0,2681_right.jpg,N
2682,54,Male,0,2682_right.jpg,N
2683,57,Male,0,2683_right.jpg,N
2684,59,Female,0,2684_right.jpg,N
2685,57,Male,0,2685_right.jpg,N
2687,52,Male,0,2687_right.jpg,N
2688,47,Male,0,2688_right.jpg,N
2689,41,Female,0,2689_right.jpg,N
2690,34,Female,0,2690_right.jpg,N
2691,54,Female,0,2691_right.jpg,N
2692,88,Female,0,2692_right.jpg,N
2693,35,Female,0,2693_right.jpg,N
2695,63,Male,0,2695_right.jpg,N
2696,50,Male,0,2696_right.jpg,N
2697,53,Female,0,2697_right.jpg,N
2698,74,Female,0,2698_right.jpg,N
2699,65,Female,0,2699_right.jpg,N
2701,56,Female,0,2701_right.jpg,N
2702,53,Female,0,2702_right.jpg,N
2703,70,Male,0,2703_right.jpg,N
2704,67,Male,0,2704_right.jpg,N
2705,42,Female,0,2705_right.jpg,N
2706,56,Male,0,2706_right.jpg,N
2707,60,Female,0,2707_right.jpg,N
2708,59,Female,0,2708_right.jpg,N
2709,47,Male,0,2709_right.jpg,N
2710,52,Male,0,2710_right.jpg,N
2711,53,Female,0,2711_right.jpg,N
2712,60,Male,0,2712_right.jpg,N
2713,57,Male,0,2713_right.jpg,N
2714,55,Male,0,2714_right.jpg,N
2715,57,Female,0,2715_right.jpg,N
2716,62,Female,0,2716_right.jpg,N
2717,59,Male,0,2717_right.jpg,N
2718,45,Male,0,2718_right.jpg,N
2719,67,Female,0,2719_right.jpg,N
2720,65,Female,0,2720_right.jpg,N
2722,64,Female,0,2722_right.jpg,N
2723,48,Male,0,2723_right.jpg,N
2725,47,Male,0,2725_right.jpg,N
2726,48,Female,0,2726_right.jpg,N
2728,36,Female,0,2728_right.jpg,N
2730,50,Female,0,2730_right.jpg,N
2731,69,Female,0,2731_right.jpg,N
2732,43,Female,0,2732_right.jpg,N
2733,56,Male,0,2733_right.jpg,N
2735,51,Male,0,2735_right.jpg,N
2736,70,Male,0,2736_right.jpg,N
2737,56,Male,0,2737_right.jpg,N
2738,55,Male,0,2738_right.jpg,N
2739,46,Male,0,2739_right.jpg,N
2740,55,Male,0,2740_right.jpg,N
2742,53,Female,0,2742_right.jpg,N
2743,55,Male,0,2743_right.jpg,N
2744,40,Male,0,2744_right.jpg,N
2745,48,Male,0,2745_right.jpg,N
2746,62,Male,0,2746_right.jpg,N
2748,55,Female,0,2748_right.jpg,N
2749,54,Female,0,2749_right.jpg,N
2750,59,Male,0,2750_right.jpg,N
2751,69,Female,0,2751_right.jpg,N
2752,43,Male,0,2752_right.jpg,N
2753,70,Male,0,2753_right.jpg,N
2754,51,Male,0,2754_right.jpg,N
2755,61,Male,0,2755_right.jpg,N
2756,66,Male,0,2756_right.jpg,N
2758,57,Male,0,2758_right.jpg,N
2760,62,Male,0,2760_right.jpg,N
2761,53,Female,0,2761_right.jpg,N
2762,53,Male,0,2762_right.jpg,N
2763,47,Male,0,2763_right.jpg,N
2764,48,Female,0,2764_right.jpg,N
2765,65,Male,0,2765_right.jpg,N
2766,37,Female,0,2766_right.jpg,N
2767,59,Male,0,2767_right.jpg,N
2768,67,Male,0,2768_right.jpg,N
2769,55,Female,0,2769_right.jpg,N
2770,59,Female,0,2770_right.jpg,N
2771,48,Female,0,2771_right.jpg,N
2772,41,Male,0,2772_right.jpg,N
2773,71,Female,0,2773_right.jpg,N
2774,71,Female,0,2774_right.jpg,N
2775,66,Male,0,2775_right.jpg,N
2776,54,Male,0,2776_right.jpg,N
2777,78,Female,0,2777_right.jpg,N
2778,56,Female,0,2778_right.jpg,N
2779,44,Male,0,2779_right.jpg,N
2780,57,Male,0,2780_right.jpg,N
2781,56,Female,0,2781_right.jpg,N
2782,64,Female,0,2782_right.jpg,N
2783,51,Female,0,2783_right.jpg,N
2784,74,Female,0,2784_right.jpg,N
2785,52,Male,0,2785_right.jpg,N
2786,61,Male,0,2786_right.jpg,N
2787,41,Female,0,2787_right.jpg,N
2788,58,Female,0,2788_right.jpg,N
2789,54,Female,0,2789_right.jpg,N
2790,61,Male,0,2790_right.jpg,N
2791,77,Male,0,2791_right.jpg,N
2792,54,Male,0,2792_right.jpg,N
2793,70,Male,0,2793_right.jpg,N
2794,56,Male,0,2794_right.jpg,N
2795,78,Female,0,2795_right.jpg,N
2796,48,Male,0,2796_right.jpg,N
2797,59,Male,0,2797_right.jpg,N
2798,60,Male,0,2798_right.jpg,N
2799,53,Male,0,2799_right.jpg,N
2800,63,Female,0,2800_right.jpg,N
2801,70,Female,0,2801_right.jpg,N
2802,65,Male,0,2802_right.jpg,N
2803,71,Male,0,2803_right.jpg,N
2804,60,Male,0,2804_right.jpg,N
2805,49,Male,0,2805_right.jpg,N
2806,75,Female,0,2806_right.jpg,N
2807,54,Male,0,2807_right.jpg,N
2808,25,Male,0,2808_right.jpg,N
2809,60,Female,0,2809_right.jpg,N
2810,48,Female,0,2810_right.jpg,N
2811,47,Female,0,2811_right.jpg,N
2812,63,Female,0,2812_right.jpg,N
2813,65,Female,0,2813_right.jpg,N
2814,62,Male,0,2814_right.jpg,N
2815,74,Male,0,2815_right.jpg,N
2816,55,Male,0,2816_right.jpg,N
2817,57,Male,0,2817_right.jpg,N
2818,49,Male,0,2818_right.jpg,N
2819,74,Female,0,2819_right.jpg,N
2820,59,Female,0,2820_right.jpg,N
2821,47,Female,0,2821_right.jpg,N
2822,64,Female,0,2822_right.jpg,N
2823,59,Male,0,2823_right.jpg,N
2824,60,Male,0,2824_right.jpg,N
2825,64,Female,0,2825_right.jpg,N
2826,54,Male,0,2826_right.jpg,N
2827,66,Male,0,2827_right.jpg,N
2828,60,Male,0,2828_right.jpg,N
2829,47,Male,0,2829_right.jpg,N
2830,60,Female,0,2830_right.jpg,N
2832,63,Male,0,2832_right.jpg,N
2833,84,Female,0,2833_right.jpg,N
2834,59,Female,0,2834_right.jpg,N
2835,56,Female,0,2835_right.jpg,N
2836,53,Male,0,2836_right.jpg,N
2837,49,Male,0,2837_right.jpg,N
2838,52,Male,0,2838_right.jpg,N
2839,47,Male,0,2839_right.jpg,N
2841,78,Male,0,2841_right.jpg,N
2842,45,Female,0,2842_right.jpg,N
2843,60,Male,0,2843_right.jpg,N
2844,50,Male,0,2844_right.jpg,N
2845,50,Male,0,2845_right.jpg,N
2846,87,Male,0,2846_right.jpg,N
2847,57,Male,0,2847_right.jpg,N
2848,61,Female,0,2848_right.jpg,N
2849,50,Female,0,2849_right.jpg,N
2850,44,Male,0,2850_right.jpg,N
2851,40,Male,0,2851_right.jpg,N
2852,64,Male,0,2852_right.jpg,N
2853,69,Female,0,2853_right.jpg,N
2854,28,Male,0,2854_right.jpg,N
2855,45,Female,0,2855_right.jpg,N
2856,59,Male,0,2856_right.jpg,N
2857,55,Female,0,2857_right.jpg,N
2858,50,Female,0,2858_right.jpg,N
2859,69,Male,0,2859_right.jpg,N
2860,66,Female,0,2860_right.jpg,N
2861,78,Male,0,2861_right.jpg,N
2862,51,Female,0,2862_right.jpg,N
2864,65,Male,0,2864_right.jpg,N
2865,63,Female,0,2865_right.jpg,N
2866,58,Male,0,2866_right.jpg,N
2867,51,Male,0,2867_right.jpg,N
2868,53,Female,0,2868_right.jpg,N
2869,47,Male,0,2869_right.jpg,N
2871,57,Male,0,2871_right.jpg,N
2872,72,Male,0,2872_right.jpg,N
2873,35,Male,0,2873_right.jpg,N
2874,45,Male,0,2874_right.jpg,N
2876,67,Female,0,2876_right.jpg,N
2877,43,Female,0,2877_right.jpg,N
2878,56,Female,0,2878_right.jpg,N
2879,53,Male,0,2879_right.jpg,N
2880,49,Male,0,2880_right.jpg,N
2881,66,Male,0,2881_right.jpg,N
2882,48,Male,0,2882_right.jpg,N
2883,72,Male,0,2883_right.jpg,N
2884,82,Female,0,2884_right.jpg,N
2885,56,Female,0,2885_right.jpg,N
2886,66,Male,0,2886_right.jpg,N
2887,49,Female,0,2887_right.jpg,N
2888,14,Female,0,2888_right.jpg,N
2889,61,Female,0,2889_right.jpg,N
2890,53,Female,0,2890_right.jpg,N
2892,72,Male,0,2892_right.jpg,N
2893,62,Female,0,2893_right.jpg,N
2895,33,Male,0,2895_right.jpg,N
2896,62,Female,0,2896_right.jpg,N
2897,66,Male,0,2897_right.jpg,N
2898,54,Male,0,2898_right.jpg,N
2899,55,Female,0,2899_right.jpg,N
2900,65,Male,0,2900_right.jpg,N
2901,59,Male,0,2901_right.jpg,N
2902,60,Male,0,2902_right.jpg,N
2903,19,Male,0,2903_right.jpg,N
2904,26,Male,0,2904_right.jpg,N
2905,38,Female,0,2905_right.jpg,N
2906,58,Male,0,2906_right.jpg,N
2907,58,Male,0,2907_right.jpg,N
2908,55,Female,0,2908_right.jpg,N
2909,70,Female,0,2909_right.jpg,N
2910,75,Male,0,2910_right.jpg,N
2911,66,Female,0,2911_right.jpg,N
2912,40,Male,0,2912_right.jpg,N
2913,68,Male,0,2913_right.jpg,N
2914,44,Female,0,2914_right.jpg,N
2915,61,Female,0,2915_right.jpg,N
2916,61,Male,0,2916_right.jpg,N
2917,48,Male,0,2917_right.jpg,N
2918,75,Male,0,2918_right.jpg,N
2919,63,Male,0,2919_right.jpg,N
2920,74,Female,0,2920_right.jpg,N
2921,60,Male,0,2921_right.jpg,N
2923,46,Male,0,2923_right.jpg,N
2924,57,Male,0,2924_right.jpg,N
2925,65,Male,0,2925_right.jpg,N
2926,52,Female,0,2926_right.jpg,N
2927,56,Male,0,2927_right.jpg,N
2929,65,Female,0,2929_right.jpg,N
2930,66,Female,0,2930_right.jpg,N
2931,67,Male,0,2931_right.jpg,N
2932,56,Male,0,2932_right.jpg,N
2933,50,Female,0,2933_right.jpg,N
2934,43,Male,0,2934_right.jpg,N
2935,61,Female,0,2935_right.jpg,N
2936,42,Male,0,2936_right.jpg,N
2937,85,Female,0,2937_right.jpg,N
2938,56,Female,0,2938_right.jpg,N
2939,53,Male,0,2939_right.jpg,N
2940,35,Female,0,2940_right.jpg,N
2941,55,Male,0,2941_right.jpg,N
2942,73,Male,0,2942_right.jpg,N
2943,45,Female,0,2943_right.jpg,N
2944,64,Female,0,2944_right.jpg,N
2945,65,Male,0,2945_right.jpg,N
2946,64,Female,0,2946_right.jpg,N
2948,60,Male,0,2948_right.jpg,N
2949,33,Male,0,2949_right.jpg,N
2950,45,Male,0,2950_right.jpg,N
2951,54,Male,0,2951_right.jpg,N
2952,69,Female,0,2952_right.jpg,N
2953,47,Male,0,2953_right.jpg,N
2954,51,Male,0,2954_right.jpg,N
2955,53,Female,0,2955_right.jpg,N
2956,49,Male,0,2956_right.jpg,N
2957,62,Female,0,2957_right.jpg,N
2958,61,Female,0,2958_right.jpg,N
2959,66,Female,0,2959_right.jpg,N
2960,40,Male,0,2960_right.jpg,N
2961,64,Female,0,2961_right.jpg,N
2962,67,Female,0,2962_right.jpg,N
2963,72,Male,0,2963_right.jpg,N
2964,48,Male,0,2964_right.jpg,N
2965,59,Male,0,2965_right.jpg,N
2966,52,Male,0,2966_right.jpg,N
2967,62,Male,0,2967_right.jpg,N
2969,69,Female,0,2969_right.jpg,N
2970,70,Female,0,2970_right.jpg,N
2971,39,Male,0,2971_right.jpg,N
2972,54,Female,0,2972_right.jpg,N
2973,63,Female,0,2973_right.jpg,N
2974,35,Female,0,2974_right.jpg,N
2975,71,Female,0,2975_right.jpg,N
2976,54,Female,0,2976_right.jpg,N
2977,64,Male,0,2977_right.jpg,N
2978,70,Male,0,2978_right.jpg,N
2979,53,Male,0,2979_right.jpg,N
2980,54,Male,0,2980_right.jpg,N
2981,68,Female,0,2981_right.jpg,N
2982,64,Female,0,2982_right.jpg,N
2983,42,Male,0,2983_right.jpg,N
2984,53,Male,0,2984_right.jpg,N
2985,61,Female,0,2985_right.jpg,N
2986,75,Male,0,2986_right.jpg,N
2987,66,Male,0,2987_right.jpg,N
2988,58,Female,0,2988_right.jpg,N
2989,44,Male,0,2989_right.jpg,N
2990,58,Female,0,2990_right.jpg,N
2991,30,Female,0,2991_right.jpg,N
2992,74,Male,0,2992_right.jpg,N
2993,49,Female,0,2993_right.jpg,N
2994,54,Male,0,2994_right.jpg,N
2995,53,Male,0,2995_right.jpg,N
2996,32,Female,0,2996_right.jpg,N
2997,55,Female,0,2997_right.jpg,N
2998,49,Male,0,2998_right.jpg,N
2999,63,Male,0,2999_right.jpg,N
3000,59,Female,0,3000_right.jpg,N
3001,46,Female,0,3001_right.jpg,N
3002,61,Female,0,3002_right.jpg,N
3003,59,Male,0,3003_right.jpg,N
3004,66,Male,0,3004_right.jpg,N
3005,67,Female,0,3005_right.jpg,N
3007,59,Female,0,3007_right.jpg,N
3008,54,Male,0,3008_right.jpg,N
3009,74,Female,0,3009_right.jpg,N
3010,65,Female,0,3010_right.jpg,N
3011,62,Male,0,3011_right.jpg,N
3012,72,Male,0,3012_right.jpg,N
3013,44,Male,0,3013_right.jpg,N
3014,55,Female,0,3014_right.jpg,N
3015,35,Male,0,3015_right.jpg,N
3016,46,Female,0,3016_right.jpg,N
3017,60,Male,0,3017_right.jpg,N
3018,45,Male,0,3018_right.jpg,N
3020,45,Female,0,3020_right.jpg,N
3023,64,Female,0,3023_right.jpg,N
3025,58,Female,0,3025_right.jpg,N
3026,66,Female,0,3026_right.jpg,N
3027,62,Male,0,3027_right.jpg,N
3028,51,Male,0,3028_right.jpg,N
3029,43,Female,0,3029_right.jpg,N
3030,66,Male,0,3030_right.jpg,N
3033,15,Male,0,3033_right.jpg,N
3034,48,Male,0,3034_right.jpg,N
3035,80,Female,0,3035_right.jpg,N
3036,58,Female,0,3036_right.jpg,N
3037,80,Female,0,3037_right.jpg,N
3038,66,Male,0,3038_right.jpg,N
3039,70,Male,0,3039_right.jpg,N
3040,54,Female,0,3040_right.jpg,N
3041,53,Male,0,3041_right.jpg,N
3042,66,Female,0,3042_right.jpg,N
3043,68,Female,0,3043_right.jpg,N
3044,60,Female,0,3044_right.jpg,N
3045,32,Female,0,3045_right.jpg,N
3046,63,Female,0,3046_right.jpg,N
3047,62,Female,0,3047_right.jpg,N
3048,61,Male,0,3048_right.jpg,N
3050,52,Male,0,3050_right.jpg,N
3051,56,Male,0,3051_right.jpg,N
3052,71,Female,0,3052_right.jpg,N
3054,65,Male,0,3054_right.jpg,N
3056,52,Male,0,3056_right.jpg,N
3057,55,Female,0,3057_right.jpg,N
3058,66,Male,0,3058_right.jpg,N
3059,61,Male,0,3059_right.jpg,N
3061,45,Male,0,3061_right.jpg,N
3062,83,Female,0,3062_right.jpg,N
3063,53,Male,0,3063_right.jpg,N
3064,62,Female,0,3064_right.jpg,N
3065,60,Male,0,3065_right.jpg,N
3066,65,Female,0,3066_right.jpg,N
3067,62,Female,0,3067_right.jpg,N
3068,58,Male,0,3068_right.jpg,N
3069,65,Female,0,3069_right.jpg,N
3070,66,Female,0,3070_right.jpg,N
3071,67,Male,0,3071_right.jpg,N
3072,59,Female,0,3072_right.jpg,N
3073,63,Female,0,3073_right.jpg,N
3074,74,Male,0,3074_right.jpg,N
3075,35,Male,0,3075_right.jpg,N
3076,59,Female,0,3076_right.jpg,N
3077,52,Male,0,3077_right.jpg,N
3078,53,Male,0,3078_right.jpg,N
3079,66,Female,0,3079_right.jpg,N
3080,76,Male,0,3080_right.jpg,N
3081,67,Female,0,3081_right.jpg,N
3082,64,Male,0,3082_right.jpg,N
3083,66,Male,0,3083_right.jpg,N
3084,46,Male,0,3084_right.jpg,N
3085,60,Female,0,3085_right.jpg,N
3086,45,Male,0,3086_right.jpg,N
3087,54,Female,0,3087_right.jpg,N
3088,63,Female,0,3088_right.jpg,N
3089,56,Male,0,3089_right.jpg,N
3090,50,Male,0,3090_right.jpg,N
3091,24,Male,0,3091_right.jpg,N
3092,44,Female,0,3092_right.jpg,N
3093,73,Female,0,3093_right.jpg,N
3094,47,Male,0,3094_right.jpg,N
3095,74,Male,0,3095_right.jpg,N
3096,71,Female,0,3096_right.jpg,N
3097,58,Male,0,3097_right.jpg,N
3098,22,Female,0,3098_right.jpg,N
3099,61,Female,0,3099_right.jpg,N
3100,57,Male,0,3100_right.jpg,N
3101,59,Male,0,3101_right.jpg,N
3102,43,Male,0,3102_right.jpg,N
3103,78,Male,0,3103_right.jpg,N
3104,63,Male,0,3104_right.jpg,N
3105,60,Female,0,3105_right.jpg,N
3106,48,Male,0,3106_right.jpg,N
3107,44,Male,0,3107_right.jpg,N
3108,62,Female,0,3108_right.jpg,N
3109,69,Male,0,3109_right.jpg,N
3110,52,Male,0,3110_right.jpg,N
3111,60,Male,0,3111_right.jpg,N
3112,62,Male,0,3112_right.jpg,N
3113,63,Male,0,3113_right.jpg,N
3114,35,Male,0,3114_right.jpg,N
3115,62,Female,0,3115_right.jpg,N
3116,68,Female,0,3116_right.jpg,N
3117,55,Male,0,3117_right.jpg,N
3120,67,Male,0,3120_right.jpg,N
3121,69,Male,0,3121_right.jpg,N
3122,49,Female,0,3122_right.jpg,N
3123,66,Female,0,3123_right.jpg,N
3124,39,Female,0,3124_right.jpg,N
3125,52,Male,0,3125_right.jpg,N
3126,41,Male,0,3126_right.jpg,N
3127,58,Female,0,3127_right.jpg,N
3128,43,Female,0,3128_right.jpg,N
3129,59,Male,0,3129_right.jpg,N
3130,75,Male,0,3130_right.jpg,N
3131,37,Male,0,3131_right.jpg,N
3132,54,Female,0,3132_right.jpg,N
3134,33,Male,0,3134_right.jpg,N
3135,45,Male,0,3135_right.jpg,N
3136,45,Male,0,3136_right.jpg,N
3137,46,Female,0,3137_right.jpg,N
3138,55,Male,0,3138_right.jpg,N
3139,54,Female,0,3139_right.jpg,N
3140,59,Male,0,3140_right.jpg,N
3141,47,Male,0,3141_right.jpg,N
3142,61,Male,0,3142_right.jpg,N
3143,66,Female,0,3143_right.jpg,N
3144,56,Female,0,3144_right.jpg,N
3145,57,Female,0,3145_right.jpg,N
3146,51,Female,0,3146_right.jpg,N
3147,55,Male,0,3147_right.jpg,N
3149,56,Male,0,3149_right.jpg,N
3150,44,Female,0,3150_right.jpg,N
3151,67,Female,0,3151_right.jpg,N
3152,62,Male,0,3152_right.jpg,N
3153,58,Female,0,3153_right.jpg,N
3155,48,Female,0,3155_right.jpg,N
3156,67,Male,0,3156_right.jpg,N
3157,62,Female,0,3157_right.jpg,N
3159,62,Male,0,3159_right.jpg,N
3160,37,Male,0,3160_right.jpg,N
3161,64,Male,0,3161_right.jpg,N
3162,33,Male,0,3162_right.jpg,N
3163,45,Male,0,3163_right.jpg,N
3164,54,Male,0,3164_right.jpg,N
3165,40,Male,0,3165_right.jpg,N
3166,43,Male,0,3166_right.jpg,N
3167,57,Female,0,3167_right.jpg,N
3168,53,Male,0,3168_right.jpg,N
3169,63,Male,0,3169_right.jpg,N
3170,69,Male,0,3170_right.jpg,N
3171,65,Male,0,3171_right.jpg,N
3172,68,Female,0,3172_right.jpg,N
3173,46,Male,0,3173_right.jpg,N
3174,66,Female,0,3174_right.jpg,N
3175,70,Female,0,3175_right.jpg,N
3176,64,Female,0,3176_right.jpg,N
3177,66,Female,0,3177_right.jpg,N
3178,61,Female,0,3178_right.jpg,N
3179,75,Male,0,3179_right.jpg,N
3180,61,Female,0,3180_right.jpg,N
3181,43,Female,0,3181_right.jpg,N
3182,53,Female,0,3182_right.jpg,N
3183,52,Male,0,3183_right.jpg,N
3184,46,Male,0,3184_right.jpg,N
3185,63,Male,0,3185_right.jpg,N
3186,53,Male,0,3186_right.jpg,N
3187,43,Female,0,3187_right.jpg,N
3188,60,Female,0,3188_right.jpg,N
3189,62,Female,0,3189_right.jpg,N
3190,51,Male,0,3190_right.jpg,N
3191,57,Male,0,3191_right.jpg,N
3192,58,Male,0,3192_right.jpg,N
3193,54,Female,0,3193_right.jpg,N
3194,47,Male,0,3194_right.jpg,N
3195,66,Male,0,3195_right.jpg,N
3196,56,Male,0,3196_right.jpg,N
3197,45,Male,0,3197_right.jpg,N
3198,56,Male,0,3198_right.jpg,N
3199,36,Male,0,3199_right.jpg,N
3200,57,Male,0,3200_right.jpg,N
3201,46,Male,0,3201_right.jpg,N
3202,62,Male,0,3202_right.jpg,N
3203,74,Female,0,3203_right.jpg,N
3205,60,Male,0,3205_right.jpg,N
3206,71,Male,0,3206_right.jpg,N
3207,47,Female,0,3207_right.jpg,N
3208,67,Male,0,3208_right.jpg,N
3209,62,Male,0,3209_right.jpg,N
3210,60,Female,0,3210_right.jpg,N
3211,35,Female,0,3211_right.jpg,N
3212,64,Male,0,3212_right.jpg,N
3213,65,Male,0,3213_right.jpg,N
3214,47,Male,0,3214_right.jpg,N
3215,64,Male,0,3215_right.jpg,N
3216,81,Male,0,3216_right.jpg,N
3217,47,Male,0,3217_right.jpg,N
3218,60,Male,0,3218_right.jpg,N
3219,69,Male,0,3219_right.jpg,N
3221,53,Male,0,3221_right.jpg,N
3222,60,Male,0,3222_right.jpg,N
3223,56,Male,0,3223_right.jpg,N
3224,53,Male,0,3224_right.jpg,N
3225,67,Male,0,3225_right.jpg,N
3226,63,Male,0,3226_right.jpg,N
3227,52,Male,0,3227_right.jpg,N
3228,56,Female,0,3228_right.jpg,N
3229,70,Male,0,3229_right.jpg,N
3230,57,Female,0,3230_right.jpg,N
3231,58,Female,0,3231_right.jpg,N
3232,59,Female,0,3232_right.jpg,N
3234,60,Male,0,3234_right.jpg,N
3235,53,Female,0,3235_right.jpg,N
3236,63,Male,0,3236_right.jpg,N
3237,55,Female,0,3237_right.jpg,N
3238,55,Male,0,3238_right.jpg,N
3239,56,Male,0,3239_right.jpg,N
3240,57,Female,0,3240_right.jpg,N
3241,42,Female,0,3241_right.jpg,N
3242,46,Male,0,3242_right.jpg,N
3243,56,Female,0,3243_right.jpg,N
3244,45,Female,0,3244_right.jpg,N
3245,72,Female,0,3245_right.jpg,N
3246,42,Male,0,3246_right.jpg,N
3247,64,Female,0,3247_right.jpg,N
3248,82,Female,0,3248_right.jpg,N
3249,56,Male,0,3249_right.jpg,N
3250,44,Male,0,3250_right.jpg,N
3251,66,Female,0,3251_right.jpg,N
3252,70,Female,0,3252_right.jpg,N
3253,64,Female,0,3253_right.jpg,N
3254,46,Male,0,3254_right.jpg,N
3255,63,Male,0,3255_right.jpg,N
3256,68,Male,0,3256_right.jpg,N
3257,56,Male,0,3257_right.jpg,N
3258,64,Female,0,3258_right.jpg,N
3259,54,Female,0,3259_right.jpg,N
3260,57,Female,0,3260_right.jpg,N
3261,53,Male,0,3261_right.jpg,N
3262,57,Male,0,3262_right.jpg,N
3264,63,Male,0,3264_right.jpg,N
3266,57,Female,0,3266_right.jpg,N
3267,37,Male,0,3267_right.jpg,N
3268,55,Female,0,3268_right.jpg,N
3269,61,Male,0,3269_right.jpg,N
3270,46,Male,0,3270_right.jpg,N
3271,42,Female,0,3271_right.jpg,N
3272,55,Female,0,3272_right.jpg,N
3273,53,Male,0,3273_right.jpg,N
3274,39,Female,0,3274_right.jpg,N
3275,59,Female,0,3275_right.jpg,N
3276,50,Male,0,3276_right.jpg,N
3281,58,Male,0,3281_right.jpg,N
3282,54,Female,0,3282_right.jpg,N
3283,63,Female,0,3283_right.jpg,N
3284,61,Male,0,3284_right.jpg,N
3285,54,Female,0,3285_right.jpg,N
3286,56,Male,0,3286_right.jpg,N
3287,56,Male,0,3287_right.jpg,N
3288,60,Male,0,3288_right.jpg,N
3289,60,Female,0,3289_right.jpg,N
3290,72,Male,0,3290_right.jpg,N
3291,61,Female,0,3291_right.jpg,N
3293,46,Male,0,3293_right.jpg,N
3294,43,Female,0,3294_right.jpg,N
3295,54,Male,0,3295_right.jpg,N
3296,61,Male,0,3296_right.jpg,N
3297,65,Female,0,3297_right.jpg,N
3298,65,Male,0,3298_right.jpg,N
3299,57,Male,0,3299_right.jpg,N
3300,60,Female,0,3300_right.jpg,N
3301,46,Male,0,3301_right.jpg,N
3302,56,Male,0,3302_right.jpg,N
3303,29,Female,0,3303_right.jpg,N
3304,64,Female,0,3304_right.jpg,N
3305,86,Female,0,3305_right.jpg,N
3306,62,Male,0,3306_right.jpg,N
3307,78,Female,0,3307_right.jpg,N
3308,62,Female,0,3308_right.jpg,N
3309,56,Male,0,3309_right.jpg,N
3310,56,Male,0,3310_right.jpg,N
3311,49,Male,0,3311_right.jpg,N
3312,74,Male,0,3312_right.jpg,N
3313,60,Male,0,3313_right.jpg,N
3315,57,Male,0,3315_right.jpg,N
3316,70,Female,0,3316_right.jpg,N
3317,47,Male,0,3317_right.jpg,N
3318,57,Male,0,3318_right.jpg,N
3319,71,Female,0,3319_right.jpg,N
3320,49,Male,0,3320_right.jpg,N
3321,58,Male,0,3321_right.jpg,N
3323,53,Female,0,3323_right.jpg,N
3324,41,Female,0,3324_right.jpg,N
3326,52,Male,0,3326_right.jpg,N
3327,68,Male,0,3327_right.jpg,N
3328,51,Male,0,3328_right.jpg,N
3329,44,Male,0,3329_right.jpg,N
3330,49,Male,0,3330_right.jpg,N
3331,60,Female,0,3331_right.jpg,N
3332,80,Male,0,3332_right.jpg,N
3333,71,Male,0,3333_right.jpg,N
3334,66,Female,0,3334_right.jpg,N
3335,65,Female,0,3335_right.jpg,N
3336,62,Male,0,3336_right.jpg,N
3337,49,Male,0,3337_right.jpg,N
3338,54,Male,0,3338_right.jpg,N
3339,55,Female,0,3339_right.jpg,N
3340,53,Female,0,3340_right.jpg,N
3341,66,Female,0,3341_right.jpg,N
3342,60,Male,0,3342_right.jpg,N
3343,60,Female,0,3343_right.jpg,N
3344,55,Male,0,3344_right.jpg,N
3345,65,Female,0,3345_right.jpg,N
3346,65,Female,0,3346_right.jpg,N
3347,63,Female,0,3347_right.jpg,N
3348,33,Male,0,3348_right.jpg,N
3350,30,Male,0,3350_right.jpg,N
3351,55,Female,0,3351_right.jpg,N
3352,57,Female,0,3352_right.jpg,N
3353,42,Female,0,3353_right.jpg,N
3354,76,Male,0,3354_right.jpg,N
3355,63,Female,0,3355_right.jpg,N
3356,47,Male,0,3356_right.jpg,N
3357,69,Male,0,3357_right.jpg,N
3358,71,Female,0,3358_right.jpg,N
3359,72,Female,0,3359_right.jpg,N
3360,49,Male,0,3360_right.jpg,N
3361,64,Male,0,3361_right.jpg,N
3362,55,Female,0,3362_right.jpg,N
3363,62,Female,0,3363_right.jpg,N
3364,56,Male,0,3364_right.jpg,N
3365,60,Male,0,3365_right.jpg,N
3366,54,Female,0,3366_right.jpg,N
3367,40,Male,0,3367_right.jpg,N
3368,55,Female,0,3368_right.jpg,N
3370,50,Female,0,3370_right.jpg,N
3371,36,Male,0,3371_right.jpg,N
3372,74,Female,0,3372_right.jpg,N
3373,38,Male,0,3373_right.jpg,N
3374,55,Female,0,3374_right.jpg,N
3375,54,Male,0,3375_right.jpg,N
3376,53,Female,0,3376_right.jpg,N
3377,72,Male,0,3377_right.jpg,N
3378,55,Male,0,3378_right.jpg,N
3379,45,Female,0,3379_right.jpg,N
3380,60,Female,0,3380_right.jpg,N
3381,65,Female,0,3381_right.jpg,N
3382,59,Female,0,3382_right.jpg,N
3383,68,Male,0,3383_right.jpg,N
3384,67,Male,0,3384_right.jpg,N
3385,43,Male,0,3385_right.jpg,N
3386,49,Male,0,3386_right.jpg,N
3387,56,Male,0,3387_right.jpg,N
3388,82,Female,0,3388_right.jpg,N
3389,49,Male,0,3389_right.jpg,N
3390,62,Female,0,3390_right.jpg,N
3391,46,Male,0,3391_right.jpg,N
3392,56,Male,0,3392_right.jpg,N
3393,67,Female,0,3393_right.jpg,N
3394,62,Female,0,3394_right.jpg,N
3395,45,Male,0,3395_right.jpg,N
3397,51,Male,0,3397_right.jpg,N
3399,60,Female,0,3399_right.jpg,N
3400,53,Female,0,3400_right.jpg,N
3401,66,Male,0,3401_right.jpg,N
3403,59,Male,0,3403_right.jpg,N
3404,63,Female,0,3404_right.jpg,N
3405,52,Male,0,3405_right.jpg,N
3406,46,Female,0,3406_right.jpg,N
3407,52,Male,0,3407_right.jpg,N
3408,72,Male,0,3408_right.jpg,N
3409,57,Female,0,3409_right.jpg,N
3410,72,Male,0,3410_right.jpg,N
3411,61,Male,0,3411_right.jpg,N
3412,70,Female,0,3412_right.jpg,N
3414,62,Male,0,3414_right.jpg,N
3415,70,Female,0,3415_right.jpg,N
3416,65,Male,0,3416_right.jpg,N
3417,66,Male,0,3417_right.jpg,N
3418,50,Male,0,3418_right.jpg,N
3419,64,Male,0,3419_right.jpg,N
3420,55,Female,0,3420_right.jpg,N
3421,40,Male,0,3421_right.jpg,N
3422,75,Male,0,3422_right.jpg,N
3423,50,Male,0,3423_right.jpg,N
3424,24,Female,0,3424_right.jpg,N
3425,58,Male,0,3425_right.jpg,N
3426,73,Female,0,3426_right.jpg,N
3427,55,Female,0,3427_right.jpg,N
3428,60,Male,0,3428_right.jpg,N
3429,79,Male,0,3429_right.jpg,N
3430,53,Male,0,3430_right.jpg,N
3431,51,Female,0,3431_right.jpg,N
3432,76,Female,0,3432_right.jpg,N
3433,34,Male,0,3433_right.jpg,N
3434,56,Male,0,3434_right.jpg,N
3435,52,Female,0,3435_right.jpg,N
3436,58,Female,0,3436_right.jpg,N
3437,42,Female,0,3437_right.jpg,N
3438,67,Male,0,3438_right.jpg,N
3439,61,Female,0,3439_right.jpg,N
3440,63,Male,0,3440_right.jpg,N
3441,44,Male,0,3441_right.jpg,N
3442,49,Male,0,3442_right.jpg,N
3443,65,Male,0,3443_right.jpg,N
3444,34,Male,0,3444_right.jpg,N
3445,51,Male,0,3445_right.jpg,N
3446,56,Female,0,3446_right.jpg,N
3448,63,Male,0,3448_right.jpg,N
3450,59,Male,0,3450_right.jpg,N
3485,70,Male,0,3485_right.jpg,N
3932,50,Male,1,3932_right.jpg,D
3934,42,Male,1,3934_right.jpg,D
3935,45,Male,1,3935_right.jpg,D
3936,50,Male,1,3936_right.jpg,DH
3937,57,Male,1,3937_right.jpg,D
3938,59,Female,1,3938_right.jpg,D
3939,59,Male,1,3939_right.jpg,DH
3940,42,Female,1,3940_right.jpg,D
3941,61,Male,0,3941_right.jpg,D
3943,54,Male,0,3943_right.jpg,D
3944,38,Female,1,3944_right.jpg,D
3945,51,Female,1,3945_right.jpg,D
3946,55,Male,1,3946_right.jpg,D
3948,45,Male,1,3948_right.jpg,D
3949,67,Male,1,3949_right.jpg,D
3950,78,Male,1,3950_right.jpg,D
3951,54,Male,5,3951_right.jpg,DH
3952,56,Male,1,3952_right.jpg,D
3953,50,Male,1,3953_right.jpg,D
3954,58,Female,0,3954_right.jpg,D
3955,67,Male,1,3955_right.jpg,D
3956,42,Male,1,3956_right.jpg,D
3957,73,Male,1,3957_right.jpg,D
3958,64,Male,1,3958_right.jpg,D
3960,55,Male,0,3960_right.jpg,D
3961,46,Male,1,3961_right.jpg,D
3962,54,Female,1,3962_right.jpg,D
3965,72,Female,1,3965_right.jpg,D
3966,55,Female,1,3966_right.jpg,DH
3968,75,Female,1,3968_right.jpg,D
3969,34,Female,1,3969_right.jpg,D
3970,59,Female,1,3970_right.jpg,D
3971,64,Female,1,3971_right.jpg,D
3972,66,Male,1,3972_right.jpg,D
3973,45,Female,1,3973_right.jpg,D
3976,37,Male,1,3976_right.jpg,D
3977,43,Female,0,3977_right.jpg,D
3978,36,Male,1,3978_right.jpg,D
3979,54,Male,1,3979_right.jpg,DA
3980,42,Male,1,3980_right.jpg,D
3981,69,Female,1,3981_right.jpg,DH
3982,52,Male,1,3982_right.jpg,DH
3983,60,Female,1,3983_right.jpg,D
3984,55,Male,0,3984_right.jpg,D
3985,48,Female,1,3985_right.jpg,D
3986,69,Female,1,3986_right.jpg,DH
3987,52,Male,1,3987_right.jpg,D
3990,54,Male,1,3990_right.jpg,D
3991,69,Female,1,3991_right.jpg,D
3992,63,Male,1,3992_right.jpg,D
3993,52,Male,1,3993_right.jpg,D
3994,70,Female,1,3994_right.jpg,D
3995,45,Male,1,3995_right.jpg,D
3996,44,Female,1,3996_right.jpg,D
3997,58,Female,1,3997_right.jpg,D
3998,35,Male,0,3998_right.jpg,D
3999,54,Female,0,3999_right.jpg,D
4001,69,Female,1,4001_right.jpg,D
4002,67,Male,1,4002_right.jpg,D
4003,50,Male,1,4003_right.jpg,D
4005,62,Female,1,4005_right.jpg,D
4007,71,Male,1,4007_right.jpg,D
4008,52,Male,1,4008_right.jpg,D
4009,60,Male,1,4009_right.jpg,D
4011,64,Male,1,4011_right.jpg,D
4012,56,Female,1,4012_right.jpg,DH
4013,46,Male,1,4013_right.jpg,D
4014,60,Female,1,4014_right.jpg,D
4015,65,Female,1,4015_right.jpg,D
4016,35,Female,0,4016_right.jpg,D
4018,67,Male,1,4018_right.jpg,D
4020,41,Female,0,4020_right.jpg,D
4021,52,Male,1,4021_right.jpg,D
4022,46,Female,1,4022_right.jpg,D
4023,65,Male,1,4023_right.jpg,D
4024,63,Female,1,4024_right.jpg,D
4025,34,Male,1,4025_right.jpg,D
4026,55,Male,1,4026_right.jpg,D
4027,67,Female,1,4027_right.jpg,D
4028,77,Male,1,4028_right.jpg,D
4029,36,Female,1,4029_right.jpg,D
4030,49,Female,1,4030_right.jpg,D
4032,57,Male,1,4032_right.jpg,D
4033,45,Male,1,4033_right.jpg,D
4034,41,Female,1,4034_right.jpg,D
4035,58,Male,1,4035_right.jpg,D
4036,56,Male,1,4036_right.jpg,D
4037,58,Male,1,4037_right.jpg,DH
4038,75,Female,1,4038_right.jpg,D
4039,58,Female,1,4039_right.jpg,D
4040,63,Male,1,4040_right.jpg,D
4041,57,Female,1,4041_right.jpg,D
4043,64,Male,1,4043_right.jpg,D
4044,62,Male,1,4044_right.jpg,D
4045,68,Female,1,4045_right.jpg,D
4046,45,Male,1,4046_right.jpg,D
4047,18,Female,1,4047_right.jpg,D
4048,54,Female,1,4048_right.jpg,D
4049,40,Male,1,4049_right.jpg,D
4050,62,Male,1,4050_right.jpg,D
4051,61,Female,1,4051_right.jpg,D
4052,55,Male,0,4052_right.jpg,D
4053,58,Male,1,4053_right.jpg,D
4054,63,Male,1,4054_right.jpg,D
4055,61,Male,1,4055_right.jpg,DH
4056,52,Female,1,4056_right.jpg,D
4057,42,Male,1,4057_right.jpg,D
4059,69,Male,1,4059_right.jpg,D
4060,57,Male,1,4060_right.jpg,D
4061,59,Female,1,4061_right.jpg,D
4063,51,Female,0,4063_right.jpg,D
4064,46,Male,1,4064_right.jpg,D
4067,54,Female,0,4067_right.jpg,D
4068,58,Male,1,4068_right.jpg,DA
4069,55,Male,1,4069_right.jpg,D
4071,51,Male,1,4071_right.jpg,D
4072,60,Female,1,4072_right.jpg,DH
4073,52,Male,1,4073_right.jpg,D
4074,67,Male,0,4074_right.jpg,D
4076,75,Female,1,4076_right.jpg,D
4077,45,Female,5,4077_right.jpg,DH
4078,64,Female,1,4078_right.jpg,D
4079,54,Female,1,4079_right.jpg,D
4080,44,Male,1,4080_right.jpg,D
4081,37,Female,1,4081_right.jpg,D
4082,71,Female,0,4082_right.jpg,D
4083,60,Male,1,4083_right.jpg,D
4084,49,Female,1,4084_right.jpg,D
4085,66,Male,1,4085_right.jpg,D
4086,64,Male,1,4086_right.jpg,D
4087,57,Male,1,4087_right.jpg,D
4088,42,Female,1,4088_right.jpg,DH
4089,58,Female,1,4089_right.jpg,D
4090,68,Female,1,4090_right.jpg,DH
4093,55,Male,1,4093_right.jpg,D
4094,65,Female,1,4094_right.jpg,D
4095,67,Male,1,4095_right.jpg,D
4096,61,Female,1,4096_right.jpg,D
4097,50,Female,1,4097_right.jpg,D
4098,57,Female,1,4098_right.jpg,D
4099,37,Female,1,4099_right.jpg,D
4100,60,Female,1,4100_right.jpg,D
4101,51,Male,0,4101_right.jpg,D
4102,54,Female,1,4102_right.jpg,D
4104,50,Male,1,4104_right.jpg,D
4105,46,Female,1,4105_right.jpg,D
4106,54,Female,1,4106_right.jpg,D
4107,48,Male,1,4107_right.jpg,D
4109,56,Male,1,4109_right.jpg,D
4110,67,Male,1,4110_right.jpg,D
4111,70,Male,1,4111_right.jpg,D
4112,60,Male,1,4112_right.jpg,D
4113,50,Male,1,4113_right.jpg,D
4114,66,Female,0,4114_right.jpg,D
4115,60,Male,0,4115_right.jpg,D
4116,45,Male,1,4116_right.jpg,D
4117,63,Female,1,4117_right.jpg,D
4118,50,Female,1,4118_right.jpg,D
4119,41,Male,1,4119_right.jpg,D
4120,61,Male,1,4120_right.jpg,DH
4121,53,Male,1,4121_right.jpg,D
4122,34,Female,1,4122_right.jpg,DH
4123,67,Female,0,4123_right.jpg,D
4125,54,Male,1,4125_right.jpg,D
4126,64,Male,1,4126_right.jpg,D
4127,57,Female,1,4127_right.jpg,D
4128,59,Female,0,4128_right.jpg,D
4129,57,Female,1,4129_right.jpg,DH
4130,58,Female,1,4130_right.jpg,D
4131,56,Female,1,4131_right.jpg,D
4133,60,Male,1,4133_right.jpg,D
4134,57,Male,1,4134_right.jpg,D
4136,61,Male,1,4136_right.jpg,D
4137,48,Male,1,4137_right.jpg,D
4138,49,Male,1,4138_right.jpg,D
4139,61,Male,0,4139_right.jpg,D
4140,29,Male,1,4140_right.jpg,D
4141,70,Female,1,4141_right.jpg,D
4142,54,Male,1,4142_right.jpg,DH
4144,50,Female,1,4144_right.jpg,D
4146,57,Female,1,4146_right.jpg,D
4147,30,Male,1,4147_right.jpg,D
4148,48,Female,1,4148_right.jpg,D
4151,54,Female,1,4151_right.jpg,D
4152,66,Female,1,4152_right.jpg,D
4153,64,Female,1,4153_right.jpg,D
4154,63,Female,1,4154_right.jpg,D
4155,38,Female,1,4155_right.jpg,D
4156,36,Male,0,4156_right.jpg,D
4158,52,Male,1,4158_right.jpg,D
4159,57,Male,0,4159_right.jpg,D
4160,51,Male,1,4160_right.jpg,D
4161,55,Female,1,4161_right.jpg,D
4162,50,Female,1,4162_right.jpg,D
4163,46,Male,0,4163_right.jpg,D
4164,45,Male,1,4164_right.jpg,D
4166,36,Male,1,4166_right.jpg,D
4167,54,Male,1,4167_right.jpg,D
4168,65,Female,1,4168_right.jpg,D
4169,48,Male,1,4169_right.jpg,D
4171,62,Female,1,4171_right.jpg,D
4172,59,Female,0,4172_right.jpg,D
4173,70,Male,1,4173_right.jpg,D
4174,66,Female,1,4174_right.jpg,D
4175,38,Male,1,4175_right.jpg,D
4176,52,Female,1,4176_right.jpg,D
4177,56,Male,1,4177_right.jpg,D
4178,27,Female,1,4178_right.jpg,D
4179,45,Male,1,4179_right.jpg,D
4181,62,Female,1,4181_right.jpg,D
4182,53,Male,0,4182_right.jpg,D
4183,65,Male,1,4183_right.jpg,D
4184,57,Male,1,4184_right.jpg,D
4185,65,Female,1,4185_right.jpg,D
4186,46,Male,1,4186_right.jpg,D
4188,46,Male,1,4188_right.jpg,D
4190,48,Male,1,4190_right.jpg,D
4191,61,Female,1,4191_right.jpg,D
4192,65,Female,1,4192_right.jpg,D
4193,53,Female,1,4193_right.jpg,D
4194,50,Female,0,4194_right.jpg,D
4195,56,Male,1,4195_right.jpg,D
4196,62,Male,1,4196_right.jpg,D
4197,41,Female,1,4197_right.jpg,D
4199,67,Female,5,4199_right.jpg,DH
4200,66,Female,1,4200_right.jpg,D
4201,45,Female,1,4201_right.jpg,D
4202,61,Female,1,4202_right.jpg,DH
4203,66,Female,1,4203_right.jpg,D
4204,47,Female,1,4204_right.jpg,D
4205,46,Female,1,4205_right.jpg,D
4206,55,Female,0,4206_right.jpg,D
4207,66,Female,5,4207_right.jpg,DH
4208,47,Male,1,4208_right.jpg,D
4209,62,Female,1,4209_right.jpg,D
4210,62,Female,1,4210_right.jpg,D
4211,45,Female,1,4211_right.jpg,D
4212,56,Female,1,4212_right.jpg,D
4213,52,Female,1,4213_right.jpg,D
4214,45,Male,5,4214_right.jpg,DH
4215,66,Male,5,4215_right.jpg,DH
4216,49,Female,1,4216_right.jpg,D
4217,39,Male,1,4217_right.jpg,D
4218,45,Male,1,4218_right.jpg,D
4220,55,Female,1,4220_right.jpg,D
4221,65,Male,1,4221_right.jpg,D
4222,38,Male,1,4222_right.jpg,D
4223,65,Male,1,4223_right.jpg,D
4224,52,Female,1,4224_right.jpg,D
4225,53,Male,1,4225_right.jpg,D
4226,56,Female,1,4226_right.jpg,D
4227,66,Male,1,4227_right.jpg,D
4229,64,Male,1,4229_right.jpg,D
4230,67,Male,1,4230_right.jpg,D
4231,59,Female,1,4231_right.jpg,D
4232,26,Female,1,4232_right.jpg,D
4233,60,Female,1,4233_right.jpg,D
4234,43,Male,1,4234_right.jpg,D
4235,69,Female,1,4235_right.jpg,D
4236,48,Male,1,4236_right.jpg,D
4237,46,Male,0,4237_right.jpg,D
4238,69,Female,1,4238_right.jpg,D
4239,62,Male,0,4239_right.jpg,D
4240,50,Female,1,4240_right.jpg,D
4241,57,Male,1,4241_right.jpg,D
4242,62,Male,1,4242_right.jpg,D
4244,73,Male,1,4244_right.jpg,D
4245,56,Male,1,4245_right.jpg,D
4246,56,Female,1,4246_right.jpg,D
4247,56,Female,1,4247_right.jpg,D
4248,62,Female,0,4248_right.jpg,D
4249,66,Female,1,4249_right.jpg,D
4250,53,Female,1,4250_right.jpg,D
4251,49,Male,0,4251_right.jpg,D
4252,58,Male,1,4252_right.jpg,D
4253,58,Male,1,4253_right.jpg,D
4254,34,Male,1,4254_right.jpg,D
4255,75,Male,1,4255_right.jpg,D
4256,66,Female,0,4256_right.jpg,D
4258,41,Female,1,4258_right.jpg,D
4259,32,Male,1,4259_right.jpg,D
4260,46,Male,1,4260_right.jpg,D
4261,35,Male,1,4261_right.jpg,D
4263,49,Female,1,4263_right.jpg,D
4265,65,Male,1,4265_right.jpg,D
4266,48,Male,1,4266_right.jpg,D
4267,64,Female,1,4267_right.jpg,D
4268,50,Male,1,4268_right.jpg,D
4269,61,Female,0,4269_right.jpg,D
4270,53,Female,1,4270_right.jpg,D
4271,54,Female,1,4271_right.jpg,D
4272,40,Female,0,4272_right.jpg,D
4273,32,Female,1,4273_right.jpg,D
4274,54,Female,0,4274_right.jpg,D
4275,69,Female,0,4275_right.jpg,D
4276,65,Female,0,4276_right.jpg,D
4277,64,Male,1,4277_right.jpg,D
4278,54,Male,1,4278_right.jpg,D
4279,47,Male,1,4279_right.jpg,D
4280,74,Female,1,4280_right.jpg,D
4281,60,Male,1,4281_right.jpg,D
4282,56,Female,1,4282_right.jpg,D
4283,61,Male,1,4283_right.jpg,D
4284,44,Male,1,4284_right.jpg,D
4285,44,Male,1,4285_right.jpg,D
4286,53,Male,1,4286_right.jpg,D
4287,54,Male,1,4287_right.jpg,D
4288,69,Female,1,4288_right.jpg,D
4289,46,Male,1,4289_right.jpg,D
4290,51,Male,0,4290_right.jpg,N
4291,23,Male,1,4291_right.jpg,D
4292,67,Male,1,4292_right.jpg,D
4293,48,Female,1,4293_right.jpg,D
4294,57,Female,1,4294_right.jpg,D
4295,67,Female,1,4295_right.jpg,D
4296,61,Female,1,4296_right.jpg,D
4297,67,Female,1,4297_right.jpg,D
4298,59,Male,1,4298_right.jpg,D
4299,52,Female,1,4299_right.jpg,D
4300,49,Female,1,4300_right.jpg,D
4301,47,Female,1,4301_right.jpg,D
4302,44,Male,0,4302_right.jpg,D
4303,50,Male,1,4303_right.jpg,D
4304,70,Female,1,4304_right.jpg,D
4305,42,Male,1,4305_right.jpg,D
4306,70,Male,1,4306_right.jpg,D
4307,57,Male,1,4307_right.jpg,D
4308,48,Male,1,4308_right.jpg,D
4309,43,Male,1,4309_right.jpg,D
4310,56,Male,1,4310_right.jpg,D
4311,67,Female,1,4311_right.jpg,D
4312,54,Male,1,4312_right.jpg,D
4313,45,Female,1,4313_right.jpg,D
4314,64,Female,1,4314_right.jpg,D
4315,54,Male,1,4315_right.jpg,D
4316,36,Male,1,4316_right.jpg,D
4317,64,Male,1,4317_right.jpg,D
4318,55,Male,1,4318_right.jpg,D
4320,56,Male,1,4320_right.jpg,D
4321,53,Male,1,4321_right.jpg,D
4322,45,Male,0,4322_right.jpg,D
4323,69,Male,1,4323_right.jpg,D
4324,53,Male,1,4324_right.jpg,D
4325,60,Male,1,4325_right.jpg,D
4326,66,Female,1,4326_right.jpg,D
4327,49,Male,5,4327_right.jpg,DH
4328,47,Male,0,4328_right.jpg,D
4329,58,Male,1,4329_right.jpg,D
4330,57,Female,1,4330_right.jpg,DA
4331,75,Male,1,4331_right.jpg,D
4332,43,Male,1,4332_right.jpg,D
4333,42,Male,1,4333_right.jpg,D
4334,49,Male,1,4334_right.jpg,D
4335,66,Female,0,4335_right.jpg,D
4336,54,Male,1,4336_right.jpg,D
4337,59,Female,1,4337_right.jpg,D
4338,54,Male,0,4338_right.jpg,D
4339,52,Male,0,4339_right.jpg,D
4340,49,Male,1,4340_right.jpg,D
4341,50,Male,1,4341_right.jpg,D
4342,59,Male,1,4342_right.jpg,D
4343,45,Male,1,4343_right.jpg,D
4344,46,Male,1,4344_right.jpg,D
4345,45,Male,1,4345_right.jpg,D
4347,60,Female,1,4347_right.jpg,D
4348,48,Female,1,4348_right.jpg,D
4349,46,Male,1,4349_right.jpg,D
4350,51,Female,1,4350_right.jpg,D
4351,38,Male,0,4351_right.jpg,D
4352,60,Female,1,4352_right.jpg,D
4353,47,Male,1,4353_right.jpg,D
4354,39,Male,0,4354_right.jpg,D
4355,52,Male,1,4355_right.jpg,D
4356,44,Female,1,4356_right.jpg,D
4357,68,Female,1,4357_right.jpg,D
4358,34,Male,1,4358_right.jpg,D
4359,51,Male,1,4359_right.jpg,D
4360,54,Female,1,4360_right.jpg,D
4361,62,Female,1,4361_right.jpg,D
4362,50,Female,0,4362_right.jpg,D
4365,62,Female,1,4365_right.jpg,D
4367,43,Female,1,4367_right.jpg,D
4368,38,Male,1,4368_right.jpg,D
4369,42,Female,1,4369_right.jpg,D
4371,58,Female,1,4371_right.jpg,D
4372,65,Male,1,4372_right.jpg,D
4373,65,Female,1,4373_right.jpg,D
4374,58,Female,1,4374_right.jpg,D
4375,57,Female,1,4375_right.jpg,D
4377,54,Female,1,4377_right.jpg,D
4379,59,Female,1,4379_right.jpg,D
4380,46,Male,1,4380_right.jpg,D
4381,56,Male,1,4381_right.jpg,D
4383,56,Female,1,4383_right.jpg,D
4384,58,Female,1,4384_right.jpg,D
4385,63,Female,1,4385_right.jpg,D
4386,54,Female,1,4386_right.jpg,D
4387,47,Female,1,4387_right.jpg,D
4388,50,Female,1,4388_right.jpg,D
4389,54,Male,0,4389_right.jpg,D
4391,47,Male,1,4391_right.jpg,D
4392,17,Male,1,4392_right.jpg,D
4393,50,Male,1,4393_right.jpg,D
4395,60,Female,0,4395_right.jpg,D
4396,47,Male,1,4396_right.jpg,D
4397,46,Male,1,4397_right.jpg,D
4398,59,Male,1,4398_right.jpg,D
4399,62,Male,1,4399_right.jpg,D
4400,59,Male,1,4400_right.jpg,D
4401,78,Male,1,4401_right.jpg,D
4402,64,Male,1,4402_right.jpg,D
4403,56,Male,1,4403_right.jpg,D
4404,56,Male,1,4404_right.jpg,D
4406,63,Male,1,4406_right.jpg,D
4407,54,Male,1,4407_right.jpg,D
4408,59,Female,0,4408_right.jpg,D
4409,60,Male,0,4409_right.jpg,D
4410,45,Male,1,4410_right.jpg,D
4411,52,Female,0,4411_right.jpg,D
4412,65,Male,1,4412_right.jpg,D
4413,58,Male,1,4413_right.jpg,D
4414,73,Female,1,4414_right.jpg,D
4415,31,Male,0,4415_right.jpg,D
4417,52,Male,1,4417_right.jpg,D
4418,45,Male,1,4418_right.jpg,D
4419,65,Male,1,4419_right.jpg,D
4420,34,Female,1,4420_right.jpg,D
4421,59,Male,1,4421_right.jpg,D
4422,68,Female,1,4422_right.jpg,D
4424,41,Male,1,4424_right.jpg,D
4425,33,Female,1,4425_right.jpg,D
4426,58,Female,0,4426_right.jpg,D
4428,57,Female,0,4428_right.jpg,D
4429,31,Male,1,4429_right.jpg,D
4430,75,Female,1,4430_right.jpg,D
4431,50,Male,1,4431_right.jpg,D
4432,49,Male,1,4432_right.jpg,D
4433,56,Female,1,4433_right.jpg,D
4436,49,Female,1,4436_right.jpg,D
4437,50,Male,0,4437_right.jpg,D
4438,56,Male,1,4438_right.jpg,D
4439,47,Male,1,4439_right.jpg,D
4440,60,Male,1,4440_right.jpg,D
4441,62,Male,1,4441_right.jpg,D
4442,62,Female,1,4442_right.jpg,D
4443,49,Female,1,4443_right.jpg,D
4444,61,Male,1,4444_right.jpg,D
4445,35,Male,1,4445_right.jpg,DH
4447,42,Female,1,4447_right.jpg,D
4448,50,Male,1,4448_right.jpg,D
4449,45,Male,1,4449_right.jpg,D
4450,53,Male,1,4450_right.jpg,D
4451,37,Male,1,4451_right.jpg,D
4452,48,Female,0,4452_right.jpg,D
4453,42,Female,0,4453_right.jpg,D
4455,65,Male,0,4455_right.jpg,D
4456,54,Female,1,4456_right.jpg,D
4458,65,Male,0,4458_right.jpg,D
4459,50,Female,1,4459_right.jpg,D
4460,58,Male,1,4460_right.jpg,DO
4461,57,Male,1,4461_right.jpg,D
4462,44,Male,1,4462_right.jpg,D
4464,51,Male,1,4464_right.jpg,D
4465,45,Female,1,4465_right.jpg,D
4466,59,Male,1,4466_right.jpg,D
4467,65,Female,1,4467_right.jpg,D
4468,65,Male,1,4468_right.jpg,D
4469,52,Male,1,4469_right.jpg,D
4470,43,Female,1,4470_right.jpg,D
4471,53,Female,1,4471_right.jpg,D
4472,66,Male,1,4472_right.jpg,D
4473,53,Female,1,4473_right.jpg,D
4474,53,Male,1,4474_right.jpg,D
4475,66,Male,1,4475_right.jpg,D
4476,61,Male,0,4476_right.jpg,D
4477,53,Male,1,4477_right.jpg,D
4478,51,Male,1,4478_right.jpg,DH
4479,55,Male,1,4479_right.jpg,D
4480,63,Female,1,4480_right.jpg,D
4481,51,Female,1,4481_right.jpg,D
4484,46,Female,1,4484_right.jpg,D
4486,78,Female,1,4486_right.jpg,D
4487,55,Female,1,4487_right.jpg,D
4488,45,Male,1,4488_right.jpg,D
4489,54,Female,1,4489_right.jpg,D
4491,43,Female,1,4491_right.jpg,D
4492,56,Male,1,4492_right.jpg,D
4493,39,Female,1,4493_right.jpg,D
4494,60,Male,1,4494_right.jpg,D
4495,58,Female,1,4495_right.jpg,D
4496,53,Female,1,4496_right.jpg,D
4497,52,Male,1,4497_right.jpg,D
4498,40,Male,1,4498_right.jpg,D
4499,46,Male,1,4499_right.jpg,D
4500,67,Female,1,4500_right.jpg,D
4502,48,Male,1,4502_right.jpg,D
4504,62,Female,1,4504_right.jpg,D
4506,56,Male,0,4506_right.jpg,D
4507,70,Female,1,4507_right.jpg,D
4508,53,Female,1,4508_right.jpg,D
4509,57,Male,1,4509_right.jpg,D
4511,39,Female,1,4511_right.jpg,D
4512,55,Male,1,4512_right.jpg,D
4513,54,Male,1,4513_right.jpg,D
4515,61,Male,1,4515_right.jpg,D
4516,73,Female,1,4516_right.jpg,D
4519,54,Female,1,4519_right.jpg,D
4520,60,Female,1,4520_right.jpg,D
4522,67,Male,1,4522_right.jpg,D
4523,59,Male,1,4523_right.jpg,D
4524,73,Female,1,4524_right.jpg,D
4525,48,Male,1,4525_right.jpg,D
4527,49,Male,0,4527_right.jpg,D
4528,62,Male,0,4528_right.jpg,D
4529,52,Female,1,4529_right.jpg,D
4530,43,Male,1,4530_right.jpg,D
4531,48,Male,1,4531_right.jpg,D
4532,60,Male,1,4532_right.jpg,D
4533,49,Male,1,4533_right.jpg,D
4534,56,Male,1,4534_right.jpg,D
4535,59,Male,1,4535_right.jpg,D
4536,60,Female,1,4536_right.jpg,D
4538,44,Male,1,4538_right.jpg,D
4539,42,Female,1,4539_right.jpg,D
4540,43,Male,1,4540_right.jpg,D
4541,65,Female,1,4541_right.jpg,D
4542,54,Male,1,4542_right.jpg,D
4543,67,Male,0,4543_right.jpg,D
4544,42,Female,0,4544_right.jpg,D
4545,60,Male,1,4545_right.jpg,D
4546,71,Female,1,4546_right.jpg,D
4547,49,Female,1,4547_right.jpg,D
4548,53,Male,0,4548_right.jpg,D
4549,45,Female,1,4549_right.jpg,D
4550,51,Male,1,4550_right.jpg,D
4552,57,Female,1,4552_right.jpg,D
4553,62,Female,1,4553_right.jpg,D
4555,45,Male,1,4555_right.jpg,D
4556,68,Male,0,4556_right.jpg,D
4557,53,Female,1,4557_right.jpg,D
4558,55,Male,1,4558_right.jpg,D
4559,44,Male,5,4559_right.jpg,H
4560,65,Female,1,4560_right.jpg,D
4561,61,Female,1,4561_right.jpg,D
4562,70,Female,5,4562_right.jpg,H
4563,54,Male,0,4563_right.jpg,D
4564,50,Male,1,4564_right.jpg,D
4565,65,Male,1,4565_right.jpg,D
4566,53,Female,1,4566_right.jpg,D
4567,42,Female,1,4567_right.jpg,D
4568,54,Male,1,4568_right.jpg,D
4570,55,Male,1,4570_right.jpg,D
4571,51,Male,0,4571_right.jpg,N
4572,54,Female,1,4572_right.jpg,D
4573,44,Male,1,4573_right.jpg,D
4574,50,Male,1,4574_right.jpg,D
4575,40,Male,1,4575_right.jpg,D
4576,50,Female,1,4576_right.jpg,D
4577,71,Male,1,4577_right.jpg,D
4578,54,Female,1,4578_right.jpg,D
4579,58,Male,5,4579_right.jpg,H
4580,68,Male,1,4580_right.jpg,D
4581,43,Male,5,4581_right.jpg,H
4582,63,Female,1,4582_right.jpg,D
4583,28,Male,0,4583_right.jpg,D
4584,42,Male,1,4584_right.jpg,D
4585,54,Female,1,4585_right.jpg,D
4586,49,Female,0,4586_right.jpg,D
4587,67,Male,1,4587_right.jpg,D
4588,64,Female,7,4588_right.jpg,DO
4589,56,Male,0,4589_right.jpg,D
4590,40,Male,0,4590_right.jpg,D
4591,65,Male,5,4591_right.jpg,DH
4592,58,Male,5,4592_right.jpg,H
4593,65,Male,1,4593_right.jpg,D
4594,66,Female,1,4594_right.jpg,D
4595,58,Male,1,4595_right.jpg,D
4596,30,Female,1,4596_right.jpg,D
4597,54,Female,1,4597_right.jpg,D
4599,39,Female,1,4599_right.jpg,D
4602,59,Male,0,4602_right.jpg,D
4603,47,Female,1,4603_right.jpg,D
4604,72,Female,1,4604_right.jpg,D
4605,36,Female,1,4605_right.jpg,D
4607,53,Male,1,4607_right.jpg,D
4608,50,Female,1,4608_right.jpg,D
4609,46,Male,1,4609_right.jpg,D
4610,43,Female,1,4610_right.jpg,D
4611,66,Male,1,4611_right.jpg,D
4612,55,Female,1,4612_right.jpg,D
4613,63,Male,1,4613_right.jpg,D
4614,58,Male,1,4614_right.jpg,D
4615,64,Female,1,4615_right.jpg,D
4616,50,Male,1,4616_right.jpg,D
4617,57,Male,1,4617_right.jpg,D
4618,58,Male,1,4618_right.jpg,D
4619,34,Male,1,4619_right.jpg,D
4620,52,Female,1,4620_right.jpg,D
4621,67,Male,1,4621_right.jpg,D
4622,73,Male,1,4622_right.jpg,D
4623,55,Male,1,4623_right.jpg,D
4624,60,Male,1,4624_right.jpg,D
4625,70,Female,1,4625_right.jpg,D
4626,68,Male,0,4626_right.jpg,D
4627,63,Female,1,4627_right.jpg,D
4628,47,Female,1,4628_right.jpg,D
4629,53,Male,1,4629_right.jpg,D
4630,52,Male,1,4630_right.jpg,D
4631,46,Male,1,4631_right.jpg,D
4632,46,Male,1,4632_right.jpg,D
4633,66,Male,1,4633_right.jpg,D
4634,64,Female,1,4634_right.jpg,D
4635,46,Female,1,4635_right.jpg,D
4636,54,Male,1,4636_right.jpg,D
4637,45,Male,0,4637_right.jpg,N
4638,32,Female,0,4638_right.jpg,D
4639,60,Female,1,4639_right.jpg,D
4640,69,Male,1,4640_right.jpg,D
4641,56,Male,1,4641_right.jpg,D
4642,52,Male,0,4642_right.jpg,D
4643,65,Female,1,4643_right.jpg,D
4644,60,Female,0,4644_right.jpg,D
4645,45,Male,1,4645_right.jpg,D
4647,52,Male,1,4647_right.jpg,D
4650,72,Male,1,4650_right.jpg,D
4651,41,Male,1,4651_right.jpg,D
4653,68,Male,1,4653_right.jpg,D
4655,65,Male,1,4655_right.jpg,D
4657,49,Male,1,4657_right.jpg,D
4658,58,Male,1,4658_right.jpg,D
4660,51,Male,0,4660_right.jpg,D
4664,63,Male,1,4664_right.jpg,D
4669,70,Male,1,4669_right.jpg,D
4670,55,Male,1,4670_right.jpg,D
4671,48,Male,0,4671_right.jpg,D
4672,65,Male,1,4672_right.jpg,D
4673,85,Male,1,4673_right.jpg,D
4675,53,Male,1,4675_right.jpg,D
4676,55,Male,1,4676_right.jpg,D
4677,38,Male,1,4677_right.jpg,D
4678,54,Male,1,4678_right.jpg,D
4679,69,Male,1,4679_right.jpg,D
4682,45,Male,1,4682_right.jpg,D
4683,58,Male,1,4683_right.jpg,D
4686,63,Male,1,4686_right.jpg,D
4688,42,Male,1,4688_right.jpg,D
4689,54,Male,0,4689_right.jpg,D
4690,57,Male,1,4690_right.jpg,D
4784,58,Male,5,4784_right.jpg,AH
0,69,Female,3,0_left.jpg,C
1,57,Male,0,1_left.jpg,N
3,66,Male,0,3_left.jpg,O
4,53,Male,7,4_left.jpg,DO
5,50,Female,1,5_left.jpg,D
6,60,Male,7,6_left.jpg,DO
7,60,Female,7,7_left.jpg,DO
8,59,Male,0,8_left.jpg,N
9,54,Male,0,9_left.jpg,O
10,70,Male,7,10_left.jpg,O
11,60,Female,1,11_left.jpg,DH
13,60,Female,6,13_left.jpg,M
14,55,Male,0,14_left.jpg,O
15,50,Male,0,15_left.jpg,O
16,54,Female,0,16_left.jpg,M
17,57,Male,7,17_left.jpg,O
18,58,Male,6,18_left.jpg,M
19,45,Male,1,19_left.jpg,D
21,76,Female,7,21_left.jpg,O
22,55,Female,1,22_left.jpg,DO
23,47,Male,5,23_left.jpg,H
24,75,Female,0,24_left.jpg,C
25,63,Male,0,25_left.jpg,O
26,63,Female,1,26_left.jpg,DO
27,33,Male,0,27_left.jpg,DO
28,63,Female,5,28_left.jpg,H
29,59,Male,7,29_left.jpg,O
31,62,Male,7,31_left.jpg,O
32,64,Female,5,32_left.jpg,H
33,60,Female,0,33_left.jpg,O
34,61,Male,7,34_left.jpg,O
35,68,Female,6,35_left.jpg,M
37,41,Male,7,37_left.jpg,DO
39,74,Male,6,39_left.jpg,M
40,62,Female,7,40_left.jpg,O
41,58,Male,7,41_left.jpg,DO
42,89,Male,0,42_left.jpg,O
43,35,Male,4,43_left.jpg,GA
44,55,Female,1,44_left.jpg,DO
45,54,Male,5,45_left.jpg,H
46,66,Male,1,46_left.jpg,DM
47,60,Female,1,47_left.jpg,DO
48,69,Female,4,48_left.jpg,A
49,47,Female,1,49_left.jpg,D
51,60,Male,0,51_left.jpg,O
52,67,Male,0,52_left.jpg,O
53,65,Female,4,53_left.jpg,A
54,66,Female,0,54_left.jpg,DM
55,62,Male,4,55_left.jpg,A
56,63,Female,0,56_left.jpg,O
58,74,Male,0,58_left.jpg,O
59,62,Female,0,59_left.jpg,O
60,54,Female,0,60_left.jpg,O
61,59,Male,7,61_left.jpg,O
62,50,Male,5,62_left.jpg,H
63,76,Male,0,63_left.jpg,O
64,80,Male,1,64_left.jpg,DO
65,56,Male,7,65_left.jpg,O
67,56,Male,1,67_left.jpg,D
68,72,Female,0,68_left.jpg,O
69,43,Male,0,69_left.jpg,O
70,57,Female,7,70_left.jpg,O
71,56,Female,1,71_left.jpg,DA
72,78,Female,1,72_left.jpg,DO
73,67,Male,7,73_left.jpg,O
75,68,Male,7,75_left.jpg,O
77,67,Male,1,77_left.jpg,DO
79,72,Female,7,79_left.jpg,DO
81,66,Male,1,81_left.jpg,DC
82,33,Male,0,82_left.jpg,O
83,61,Female,0,83_left.jpg,O
84,51,Female,0,84_left.jpg,N
85,67,Female,0,85_left.jpg,O
86,56,Female,1,86_left.jpg,DM
87,41,Female,1,87_left.jpg,D
88,71,Female,0,88_left.jpg,O
91,28,Male,0,91_left.jpg,O
92,53,Male,0,92_left.jpg,O
93,70,Male,1,93_left.jpg,DO
94,55,Male,0,94_left.jpg,DO
95,46,Male,2,95_left.jpg,GH
96,56,Female,7,96_left.jpg,DO
97,64,Female,0,97_left.jpg,O
98,69,Male,7,98_left.jpg,O
99,62,Female,7,99_left.jpg,O
100,59,Male,7,100_left.jpg,O
101,45,Female,7,101_left.jpg,O
102,73,Female,4,102_left.jpg,A
103,55,Female,3,103_left.jpg,C
105,61,Female,7,105_left.jpg,O
106,57,Female,6,106_left.jpg,M
107,68,Female,0,107_left.jpg,DO
110,69,Male,7,110_left.jpg,O
111,64,Male,1,111_left.jpg,DO
112,57,Female,0,112_left.jpg,C
113,67,Female,1,113_left.jpg,DO
115,66,Female,7,115_left.jpg,O
116,61,Male,5,116_left.jpg,H
117,65,Female,0,117_left.jpg,O
118,48,Male,1,118_left.jpg,DO
119,59,Male,3,119_left.jpg,CO
120,43,Male,1,120_left.jpg,DH
121,47,Female,7,121_left.jpg,DO
122,50,Female,7,122_left.jpg,O
123,72,Female,7,123_left.jpg,DO
124,68,Female,0,124_left.jpg,O
125,71,Male,7,125_left.jpg,O
126,66,Male,4,126_left.jpg,A
127,52,Male,1,127_left.jpg,DH
128,67,Male,0,128_left.jpg,O
129,62,Female,7,129_left.jpg,O
130,66,Female,7,130_left.jpg,DO
132,63,Female,0,132_left.jpg,O
133,59,Female,1,133_left.jpg,DO
134,56,Male,7,134_left.jpg,O
135,41,Male,7,135_left.jpg,O
136,75,Female,4,136_left.jpg,AO
137,44,Male,0,137_left.jpg,DO
138,59,Female,7,138_left.jpg,O
139,41,Male,1,139_left.jpg,DH
140,44,Male,0,140_left.jpg,O
142,72,Female,7,142_left.jpg,O
143,54,Male,0,143_left.jpg,O
144,49,Female,6,144_left.jpg,M
145,50,Male,6,145_left.jpg,M
146,57,Female,0,146_left.jpg,O
147,46,Male,0,147_left.jpg,O
148,70,Female,7,148_left.jpg,DO
149,57,Female,0,149_left.jpg,O
150,62,Male,7,150_left.jpg,O
151,48,Male,0,151_left.jpg,DO
152,55,Male,4,152_left.jpg,A
153,79,Male,2,153_left.jpg,GA
154,67,Female,7,154_left.jpg,O
155,40,Male,0,155_left.jpg,O
156,82,Female,7,156_left.jpg,O
157,65,Female,1,157_left.jpg,D
158,61,Male,4,158_left.jpg,A
159,69,Female,1,159_left.jpg,DO
160,40,Female,0,160_left.jpg,A
161,49,Male,1,161_left.jpg,DO
162,76,Female,4,162_left.jpg,A
163,61,Female,1,163_left.jpg,DO
164,62,Female,4,164_left.jpg,A
165,48,Male,7,165_left.jpg,O
166,65,Female,0,166_left.jpg,O
167,71,Male,2,167_left.jpg,G
168,66,Male,4,168_left.jpg,A
169,64,Female,1,169_left.jpg,DO
170,59,Male,7,170_left.jpg,O
172,68,Male,7,172_left.jpg,O
173,87,Male,0,173_left.jpg,O
174,71,Female,6,174_left.jpg,M
175,56,Female,7,175_left.jpg,DO
176,65,Female,1,176_left.jpg,DH
178,54,Male,4,178_left.jpg,GA
179,65,Female,5,179_left.jpg,H
180,45,Female,7,180_left.jpg,O
181,64,Male,7,181_left.jpg,O
182,64,Male,7,182_left.jpg,O
184,69,Male,0,184_left.jpg,DO
185,63,Female,7,185_left.jpg,O
186,45,Male,1,186_left.jpg,DO
187,56,Female,0,187_left.jpg,O
189,62,Male,0,189_left.jpg,O
190,51,Male,0,190_left.jpg,O
191,51,Female,0,191_left.jpg,N
193,53,Male,7,193_left.jpg,DO
194,57,Male,0,194_left.jpg,O
196,65,Male,7,196_left.jpg,O
197,66,Male,0,197_left.jpg,O
199,50,Female,7,199_left.jpg,DO
200,64,Female,7,200_left.jpg,O
202,63,Female,0,202_left.jpg,DO
204,54,Male,7,204_left.jpg,O
205,58,Male,7,205_left.jpg,O
206,67,Female,1,206_left.jpg,DO
207,51,Male,1,207_left.jpg,DO
209,67,Male,1,209_left.jpg,D
210,70,Male,4,210_left.jpg,A
211,60,Male,1,211_left.jpg,D
212,67,Female,4,212_left.jpg,DA
213,44,Female,0,213_left.jpg,A
214,70,Male,0,214_left.jpg,M
215,53,Male,7,215_left.jpg,O
216,68,Male,7,216_left.jpg,DO
217,69,Female,7,217_left.jpg,DO
218,36,Female,7,218_left.jpg,CO
219,62,Male,7,219_left.jpg,O
221,60,Male,7,221_left.jpg,DO
223,56,Female,1,223_left.jpg,D
225,70,Female,6,225_left.jpg,DM
226,50,Male,0,226_left.jpg,O
227,58,Female,0,227_left.jpg,O
228,54,Male,0,228_left.jpg,O
229,63,Female,1,229_left.jpg,D
230,56,Female,4,230_left.jpg,A
231,60,Female,1,231_left.jpg,DO
232,47,Female,0,232_left.jpg,O
233,56,Male,0,233_left.jpg,M
234,54,Male,1,234_left.jpg,D
235,67,Male,4,235_left.jpg,A
237,55,Female,0,237_left.jpg,O
238,70,Male,4,238_left.jpg,GA
239,62,Male,7,239_left.jpg,O
240,35,Male,7,240_left.jpg,O
241,58,Male,0,241_left.jpg,O
243,67,Male,4,243_left.jpg,A
244,58,Male,7,244_left.jpg,O
245,65,Male,0,245_left.jpg,O
246,70,Female,7,246_left.jpg,O
247,49,Male,4,247_left.jpg,GA
249,64,Male,1,249_left.jpg,D
250,60,Male,1,250_left.jpg,DO
251,62,Female,1,251_left.jpg,DO
252,77,Female,0,252_left.jpg,O
253,55,Female,7,253_left.jpg,O
254,60,Female,3,254_left.jpg,CO
255,75,Female,0,255_left.jpg,O
256,62,Male,7,256_left.jpg,O
257,57,Male,1,257_left.jpg,DO
258,58,Female,0,258_left.jpg,O
259,50,Female,0,259_left.jpg,O
260,63,Female,4,260_left.jpg,A
262,65,Female,1,262_left.jpg,DO
263,52,Female,1,263_left.jpg,DO
264,58,Male,4,264_left.jpg,A
265,81,Male,4,265_left.jpg,A
266,67,Male,4,266_left.jpg,A
267,59,Male,1,267_left.jpg,DO
268,49,Female,1,268_left.jpg,DO
269,73,Female,7,269_left.jpg,O
270,64,Male,4,270_left.jpg,A
271,46,Male,7,271_left.jpg,O
272,59,Male,5,272_left.jpg,H
273,57,Male,0,273_left.jpg,O
274,53,Male,1,274_left.jpg,DO
275,61,Female,0,275_left.jpg,O
277,75,Male,0,277_left.jpg,O
278,73,Female,0,278_left.jpg,O
279,56,Female,1,279_left.jpg,DO
281,68,Female,1,281_left.jpg,DO
282,55,Female,1,282_left.jpg,DO
284,82,Male,1,284_left.jpg,D
285,62,Male,0,285_left.jpg,O
286,73,Female,7,286_left.jpg,O
287,60,Female,7,287_left.jpg,O
288,57,Female,1,288_left.jpg,DO
289,57,Male,1,289_left.jpg,DO
290,55,Female,0,290_left.jpg,O
291,67,Male,0,291_left.jpg,DO
292,55,Male,4,292_left.jpg,A
294,69,Female,3,294_left.jpg,C
295,45,Male,0,295_left.jpg,O
296,57,Female,1,296_left.jpg,DH
297,71,Male,7,297_left.jpg,O
298,55,Female,7,298_left.jpg,O
299,65,Female,1,299_left.jpg,DO
300,55,Male,5,300_left.jpg,H
301,55,Male,7,301_left.jpg,O
302,67,Female,0,302_left.jpg,O
303,47,Female,0,303_left.jpg,O
304,59,Female,1,304_left.jpg,DO
306,62,Female,0,306_left.jpg,O
307,61,Male,0,307_left.jpg,O
308,73,Male,1,308_left.jpg,DO
309,52,Female,1,309_left.jpg,D
310,33,Male,0,310_left.jpg,O
311,65,Male,1,311_left.jpg,DA
312,74,Male,7,312_left.jpg,DO
313,82,Male,0,313_left.jpg,O
314,62,Female,1,314_left.jpg,DO
315,57,Female,5,315_left.jpg,AH
316,51,Male,7,316_left.jpg,O
317,24,Female,0,317_left.jpg,O
318,68,Female,7,318_left.jpg,O
319,58,Female,4,319_left.jpg,A
320,58,Female,1,320_left.jpg,DO
321,54,Female,4,321_left.jpg,A
323,65,Male,5,323_left.jpg,HO
324,55,Male,1,324_left.jpg,DO
325,39,Male,7,325_left.jpg,O
326,55,Male,0,326_left.jpg,O
327,53,Male,1,327_left.jpg,D
328,65,Female,1,328_left.jpg,DO
329,71,Male,7,329_left.jpg,O
330,65,Female,3,330_left.jpg,C
332,57,Female,0,332_left.jpg,O
333,45,Male,0,333_left.jpg,O
334,74,Female,4,334_left.jpg,A
335,50,Female,0,335_left.jpg,O
337,55,Male,7,337_left.jpg,O
338,61,Female,1,338_left.jpg,DO
339,63,Female,0,339_left.jpg,O
340,66,Male,1,340_left.jpg,DO
341,66,Female,7,341_left.jpg,DO
343,66,Male,0,343_left.jpg,O
344,70,Female,7,344_left.jpg,O
345,64,Female,5,345_left.jpg,CH
346,54,Male,0,346_left.jpg,O
347,67,Female,0,347_left.jpg,O
348,66,Female,1,348_left.jpg,D
349,72,Male,0,349_left.jpg,O
350,55,Female,7,350_left.jpg,O
351,68,Female,7,351_left.jpg,O
352,70,Male,7,352_left.jpg,O
353,55,Female,0,353_left.jpg,O
354,65,Male,0,354_left.jpg,C
355,55,Male,5,355_left.jpg,H
356,54,Female,0,356_left.jpg,O
357,66,Male,7,357_left.jpg,O
358,47,Male,1,358_left.jpg,DO
359,54,Male,4,359_left.jpg,A
360,59,Female,7,360_left.jpg,DO
362,62,Male,0,362_left.jpg,O
363,65,Female,7,363_left.jpg,O
364,45,Male,7,364_left.jpg,O
365,60,Female,5,365_left.jpg,GH
366,74,Male,7,366_left.jpg,O
367,53,Male,7,367_left.jpg,DO
368,64,Male,1,368_left.jpg,DO
370,57,Male,7,370_left.jpg,O
371,58,Male,7,371_left.jpg,O
372,52,Female,7,372_left.jpg,O
373,60,Female,0,373_left.jpg,O
374,44,Male,5,374_left.jpg,H
376,58,Female,0,376_left.jpg,DO
377,48,Male,4,377_left.jpg,A
379,77,Female,6,379_left.jpg,M
380,57,Male,1,380_left.jpg,DO
381,43,Female,7,381_left.jpg,O
382,62,Female,7,382_left.jpg,M
383,59,Female,1,383_left.jpg,DO
384,59,Male,0,384_left.jpg,O
385,58,Male,0,385_left.jpg,O
386,70,Male,1,386_left.jpg,DO
388,72,Male,7,388_left.jpg,O
389,54,Male,7,389_left.jpg,O
390,59,Female,0,390_left.jpg,M
391,56,Male,0,391_left.jpg,DO
392,57,Male,7,392_left.jpg,DO
394,63,Male,0,394_left.jpg,N
395,58,Male,7,395_left.jpg,O
396,55,Male,0,396_left.jpg,O
397,44,Male,7,397_left.jpg,DO
398,59,Female,7,398_left.jpg,DO
399,69,Female,7,399_left.jpg,DO
400,64,Male,0,400_left.jpg,O
401,60,Female,6,401_left.jpg,M
402,46,Male,7,402_left.jpg,O
404,63,Male,7,404_left.jpg,O
405,61,Male,0,405_left.jpg,O
406,61,Female,7,406_left.jpg,O
407,52,Male,7,407_left.jpg,DO
408,47,Female,7,408_left.jpg,O
410,53,Female,4,410_left.jpg,AO
411,57,Male,1,411_left.jpg,D
412,60,Female,1,412_left.jpg,D
413,62,Male,1,413_left.jpg,DH
415,62,Male,1,415_left.jpg,D
416,60,Female,0,416_left.jpg,O
419,57,Male,4,419_left.jpg,A
420,63,Female,1,420_left.jpg,D
421,42,Male,7,421_left.jpg,O
422,47,Male,7,422_left.jpg,DO
423,70,Female,0,423_left.jpg,O
424,56,Male,4,424_left.jpg,A
425,81,Female,0,425_left.jpg,O
426,56,Male,0,426_left.jpg,O
428,65,Female,7,428_left.jpg,DO
429,54,Female,0,429_left.jpg,O
430,72,Female,7,430_left.jpg,DO
431,53,Male,7,431_left.jpg,DO
432,42,Male,0,432_left.jpg,O
433,45,Female,7,433_left.jpg,O
434,70,Female,0,434_left.jpg,O
435,68,Male,1,435_left.jpg,DO
436,64,Male,0,436_left.jpg,DO
437,53,Female,0,437_left.jpg,DO
439,79,Male,0,439_left.jpg,O
440,51,Female,0,440_left.jpg,O
442,56,Male,1,442_left.jpg,D
444,53,Male,1,444_left.jpg,DO
445,59,Male,1,445_left.jpg,D
446,54,Female,1,446_left.jpg,DO
447,56,Male,4,447_left.jpg,A
448,68,Male,3,448_left.jpg,DC
450,49,Female,7,450_left.jpg,O
451,56,Male,7,451_left.jpg,DO
452,54,Female,7,452_left.jpg,DO
454,60,Male,7,454_left.jpg,O
455,67,Male,4,455_left.jpg,A
456,71,Male,7,456_left.jpg,O
457,64,Female,0,457_left.jpg,O
458,72,Male,7,458_left.jpg,O
459,59,Female,0,459_left.jpg,O
460,80,Male,7,460_left.jpg,O
461,62,Female,0,461_left.jpg,O
462,60,Female,1,462_left.jpg,DO
463,45,Male,7,463_left.jpg,O
464,50,Female,4,464_left.jpg,A
465,58,Female,7,465_left.jpg,CO
466,62,Male,1,466_left.jpg,DO
467,70,Female,0,467_left.jpg,DO
468,60,Female,0,468_left.jpg,O
469,69,Female,1,469_left.jpg,D
471,43,Female,7,471_left.jpg,O
473,55,Male,1,473_left.jpg,DO
475,58,Female,1,475_left.jpg,DM
476,61,Female,0,476_left.jpg,O
477,65,Female,3,477_left.jpg,C
479,72,Female,1,479_left.jpg,DO
480,67,Female,7,480_left.jpg,O
481,69,Female,6,481_left.jpg,M
482,73,Female,7,482_left.jpg,O
483,49,Male,7,483_left.jpg,O
484,54,Male,1,484_left.jpg,DO
486,56,Male,1,486_left.jpg,D
487,60,Male,7,487_left.jpg,O
488,54,Male,0,488_left.jpg,O
489,47,Female,1,489_left.jpg,DO
491,63,Male,7,491_left.jpg,DO
492,49,Male,1,492_left.jpg,D
493,68,Female,1,493_left.jpg,DO
495,62,Female,1,495_left.jpg,DO
496,66,Female,0,496_left.jpg,O
498,43,Male,1,498_left.jpg,DO
499,62,Female,5,499_left.jpg,DH
500,53,Female,7,500_left.jpg,O
501,61,Male,7,501_left.jpg,O
502,42,Male,7,502_left.jpg,O
503,37,Male,7,503_left.jpg,O
504,78,Female,6,504_left.jpg,M
507,57,Female,1,507_left.jpg,DO
508,55,Male,7,508_left.jpg,O
509,43,Female,0,509_left.jpg,O
510,65,Female,7,510_left.jpg,O
511,68,Female,0,511_left.jpg,O
512,67,Female,1,512_left.jpg,DO
513,55,Female,0,513_left.jpg,A
514,67,Male,4,514_left.jpg,A
515,54,Female,0,515_left.jpg,O
517,66,Male,7,517_left.jpg,O
519,54,Male,1,519_left.jpg,DO
520,63,Female,7,520_left.jpg,O
521,73,Female,0,521_left.jpg,O
522,62,Female,0,522_left.jpg,DO
523,61,Female,0,523_left.jpg,O
524,44,Male,0,524_left.jpg,O
525,77,Female,6,525_left.jpg,M
526,73,Female,7,526_left.jpg,O
527,48,Male,7,527_left.jpg,O
529,63,Male,0,529_left.jpg,O
530,50,Male,0,530_left.jpg,N
531,60,Female,7,531_left.jpg,O
532,64,Female,4,532_left.jpg,A
533,69,Male,1,533_left.jpg,D
534,61,Female,7,534_left.jpg,O
535,47,Male,1,535_left.jpg,D
536,50,Male,0,536_left.jpg,O
537,61,Female,1,537_left.jpg,DO
538,62,Female,1,538_left.jpg,DO
539,32,Male,1,539_left.jpg,DO
540,82,Male,0,540_left.jpg,DA
542,64,Male,1,542_left.jpg,DO
543,48,Male,5,543_left.jpg,DH
544,57,Male,0,544_left.jpg,DO
545,62,Female,7,545_left.jpg,O
546,30,Male,7,546_left.jpg,DO
547,69,Male,4,547_left.jpg,A
549,70,Female,1,549_left.jpg,DO
550,55,Male,1,550_left.jpg,D
551,57,Female,1,551_left.jpg,D
552,35,Male,7,552_left.jpg,O
553,69,Female,3,553_left.jpg,C
554,33,Male,0,554_left.jpg,O
555,55,Male,7,555_left.jpg,O
556,67,Male,1,556_left.jpg,D
557,45,Male,7,557_left.jpg,DO
558,52,Male,1,558_left.jpg,DO
559,48,Male,0,559_left.jpg,O
560,74,Male,3,560_left.jpg,C
561,59,Female,5,561_left.jpg,H
562,73,Male,1,562_left.jpg,D
563,62,Female,1,563_left.jpg,D
564,53,Female,4,564_left.jpg,A
565,59,Female,4,565_left.jpg,A
566,60,Male,7,566_left.jpg,DO
567,60,Male,1,567_left.jpg,DM
569,64,Male,1,569_left.jpg,D
570,65,Female,0,570_left.jpg,O
571,52,Female,5,571_left.jpg,DH
572,74,Female,4,572_left.jpg,A
573,53,Female,0,573_left.jpg,O
574,52,Male,1,574_left.jpg,DO
575,65,Male,0,575_left.jpg,O
576,62,Female,1,576_left.jpg,DO
578,42,Male,1,578_left.jpg,D
579,70,Male,7,579_left.jpg,DO
580,64,Female,0,580_left.jpg,O
582,48,Male,1,582_left.jpg,D
583,54,Male,2,583_left.jpg,G
584,56,Male,7,584_left.jpg,O
585,70,Male,7,585_left.jpg,O
587,53,Male,7,587_left.jpg,O
588,65,Female,0,588_left.jpg,O
589,67,Male,0,589_left.jpg,O
590,57,Male,7,590_left.jpg,O
591,62,Male,0,591_left.jpg,O
594,70,Female,3,594_left.jpg,DC
595,46,Female,1,595_left.jpg,DO
596,52,Male,7,596_left.jpg,DO
597,61,Female,1,597_left.jpg,D
598,50,Female,1,598_left.jpg,D
599,65,Male,0,599_left.jpg,O
600,50,Male,1,600_left.jpg,DO
601,50,Female,1,601_left.jpg,DO
602,63,Male,7,602_left.jpg,O
603,66,Female,4,603_left.jpg,A
604,56,Female,1,604_left.jpg,DO
605,52,Male,1,605_left.jpg,DH
606,54,Male,0,606_left.jpg,O
607,59,Male,1,607_left.jpg,D
608,55,Male,4,608_left.jpg,A
609,60,Female,1,609_left.jpg,DO
610,59,Female,0,610_left.jpg,A
611,73,Male,3,611_left.jpg,CO
613,54,Male,7,613_left.jpg,O
614,44,Male,4,614_left.jpg,A
615,60,Male,4,615_left.jpg,A
616,45,Female,1,616_left.jpg,D
617,62,Male,0,617_left.jpg,O
618,63,Male,7,618_left.jpg,O
619,56,Female,1,619_left.jpg,D
620,55,Male,0,620_left.jpg,O
621,59,Female,1,621_left.jpg,DO
622,62,Male,1,622_left.jpg,DO
623,43,Female,7,623_left.jpg,O
625,72,Female,3,625_left.jpg,GCO
627,58,Female,1,627_left.jpg,DO
628,66,Female,7,628_left.jpg,O
629,73,Female,3,629_left.jpg,CO
630,66,Female,7,630_left.jpg,DO
632,58,Male,7,632_left.jpg,DO
633,38,Male,0,633_left.jpg,O
634,68,Female,1,634_left.jpg,DO
635,29,Female,1,635_left.jpg,DO
636,61,Female,7,636_left.jpg,O
638,52,Male,4,638_left.jpg,A
639,56,Female,1,639_left.jpg,DO
640,57,Male,7,640_left.jpg,O
641,47,Male,0,641_left.jpg,O
642,38,Male,7,642_left.jpg,DO
643,73,Female,0,643_left.jpg,O
644,69,Male,7,644_left.jpg,O
645,43,Male,7,645_left.jpg,DO
646,64,Female,7,646_left.jpg,O
647,64,Male,1,647_left.jpg,DO
648,55,Female,1,648_left.jpg,DO
649,62,Male,0,649_left.jpg,DO
650,59,Male,0,650_left.jpg,O
651,58,Male,4,651_left.jpg,AM
652,78,Male,7,652_left.jpg,O
653,44,Male,1,653_left.jpg,DO
654,34,Male,1,654_left.jpg,D
655,50,Female,7,655_left.jpg,O
657,46,Male,7,657_left.jpg,O
658,64,Male,0,658_left.jpg,O
659,51,Female,7,659_left.jpg,O
660,69,Female,7,660_left.jpg,DO
661,66,Female,7,661_left.jpg,O
662,70,Male,0,662_left.jpg,A
664,34,Male,1,664_left.jpg,DO
665,54,Male,7,665_left.jpg,O
666,60,Female,7,666_left.jpg,DO
667,55,Male,1,667_left.jpg,D
668,67,Male,7,668_left.jpg,DO
669,56,Male,1,669_left.jpg,D
670,71,Female,7,670_left.jpg,O
671,65,Male,0,671_left.jpg,O
672,68,Male,7,672_left.jpg,DO
674,64,Female,7,674_left.jpg,O
675,56,Male,5,675_left.jpg,HO
676,52,Male,7,676_left.jpg,DO
677,49,Male,1,677_left.jpg,DO
678,54,Male,1,678_left.jpg,D
680,69,Female,7,680_left.jpg,O
681,56,Male,4,681_left.jpg,A
682,65,Female,1,682_left.jpg,DO
683,46,Female,0,683_left.jpg,O
684,60,Female,1,684_left.jpg,DO
685,59,Male,7,685_left.jpg,O
686,37,Male,5,686_left.jpg,H
687,52,Male,1,687_left.jpg,D
688,60,Female,1,688_left.jpg,DO
689,28,Female,7,689_left.jpg,O
690,62,Male,1,690_left.jpg,DO
691,68,Female,3,691_left.jpg,DC
692,45,Female,1,692_left.jpg,DO
693,60,Female,7,693_left.jpg,O
694,64,Female,7,694_left.jpg,O
695,52,Female,0,695_left.jpg,N
696,43,Male,7,696_left.jpg,O
697,56,Female,1,697_left.jpg,DO
698,65,Male,1,698_left.jpg,DM
699,68,Male,7,699_left.jpg,DO
700,60,Male,1,700_left.jpg,DO
701,60,Male,0,701_left.jpg,DO
702,65,Female,0,702_left.jpg,O
703,63,Female,1,703_left.jpg,DO
704,52,Female,7,704_left.jpg,O
707,59,Female,1,707_left.jpg,DO
708,57,Male,7,708_left.jpg,DO
709,57,Male,1,709_left.jpg,D
710,56,Female,0,710_left.jpg,O
711,62,Female,7,711_left.jpg,O
712,62,Male,4,712_left.jpg,DA
713,49,Male,1,713_left.jpg,DO
714,65,Male,1,714_left.jpg,D
715,66,Female,7,715_left.jpg,O
716,49,Female,0,716_left.jpg,O
717,79,Male,7,717_left.jpg,O
718,52,Male,1,718_left.jpg,DO
719,59,Female,4,719_left.jpg,A
721,55,Male,7,721_left.jpg,O
722,64,Male,1,722_left.jpg,DM
723,53,Female,5,723_left.jpg,H
724,60,Male,0,724_left.jpg,O
725,37,Female,7,725_left.jpg,O
726,60,Female,3,726_left.jpg,C
727,43,Male,7,727_left.jpg,O
728,59,Male,7,728_left.jpg,O
730,59,Male,7,730_left.jpg,DO
731,58,Male,7,731_left.jpg,O
732,54,Male,0,732_left.jpg,O
733,60,Female,1,733_left.jpg,DO
734,74,Male,0,734_left.jpg,O
735,77,Male,1,735_left.jpg,DO
736,29,Male,0,736_left.jpg,O
737,41,Male,0,737_left.jpg,M
738,48,Male,7,738_left.jpg,O
739,63,Male,7,739_left.jpg,O
740,56,Male,0,740_left.jpg,D
741,64,Female,6,741_left.jpg,M
742,45,Female,7,742_left.jpg,O
743,56,Female,1,743_left.jpg,DO
744,65,Female,1,744_left.jpg,DO
745,70,Female,7,745_left.jpg,DO
746,59,Male,2,746_left.jpg,DG
747,49,Male,7,747_left.jpg,O
748,63,Female,1,748_left.jpg,DO
749,45,Male,7,749_left.jpg,O
750,56,Male,3,750_left.jpg,DC
752,56,Male,1,752_left.jpg,DO
753,55,Female,7,753_left.jpg,DO
754,64,Male,5,754_left.jpg,DH
755,69,Female,1,755_left.jpg,D
756,65,Female,0,756_left.jpg,O
757,58,Female,1,757_left.jpg,DO
758,51,Female,0,758_left.jpg,O
759,58,Female,5,759_left.jpg,H
760,56,Female,6,760_left.jpg,MO
761,56,Female,4,761_left.jpg,A
762,56,Male,1,762_left.jpg,DO
763,59,Male,1,763_left.jpg,DO
764,35,Female,7,764_left.jpg,O
765,70,Female,1,765_left.jpg,D
766,64,Male,0,766_left.jpg,O
767,61,Female,7,767_left.jpg,O
769,58,Female,1,769_left.jpg,DC
770,53,Male,0,770_left.jpg,O
771,45,Female,6,771_left.jpg,M
772,70,Female,7,772_left.jpg,O
773,56,Male,7,773_left.jpg,O
774,70,Female,7,774_left.jpg,O
775,60,Male,4,775_left.jpg,DA
776,54,Female,7,776_left.jpg,O
777,68,Female,5,777_left.jpg,H
778,53,Female,7,778_left.jpg,DO
779,59,Male,1,779_left.jpg,DO
780,37,Male,7,780_left.jpg,O
781,65,Female,0,781_left.jpg,O
782,44,Male,7,782_left.jpg,O
783,68,Female,5,783_left.jpg,DH
784,67,Male,1,784_left.jpg,D
785,76,Female,0,785_left.jpg,DO
786,52,Female,1,786_left.jpg,D
787,60,Female,7,787_left.jpg,DO
788,48,Male,4,788_left.jpg,A
789,65,Female,0,789_left.jpg,O
790,61,Male,5,790_left.jpg,H
791,36,Male,1,791_left.jpg,DO
792,59,Female,7,792_left.jpg,DO
794,62,Female,1,794_left.jpg,D
796,64,Male,1,796_left.jpg,DO
798,44,Male,7,798_left.jpg,O
799,54,Male,1,799_left.jpg,DO
800,62,Male,0,800_left.jpg,O
801,63,Male,1,801_left.jpg,D
802,46,Male,7,802_left.jpg,DO
803,59,Male,0,803_left.jpg,DO
804,62,Female,0,804_left.jpg,O
805,70,Male,7,805_left.jpg,O
806,63,Male,1,806_left.jpg,DO
807,72,Female,1,807_left.jpg,DO
808,48,Male,1,808_left.jpg,DA
809,67,Male,3,809_left.jpg,C
810,57,Female,0,810_left.jpg,DO
812,59,Female,1,812_left.jpg,D
813,65,Male,1,813_left.jpg,D
814,76,Male,7,814_left.jpg,DO
815,56,Female,4,815_left.jpg,A
816,64,Male,5,816_left.jpg,HO
817,53,Male,1,817_left.jpg,DO
818,52,Male,5,818_left.jpg,DH
820,82,Female,3,820_left.jpg,C
821,60,Female,4,821_left.jpg,A
822,59,Male,0,822_left.jpg,O
824,74,Female,3,824_left.jpg,C
825,59,Male,1,825_left.jpg,DO
826,60,Female,5,826_left.jpg,HO
827,49,Female,0,827_left.jpg,O
828,63,Female,0,828_left.jpg,O
829,68,Male,7,829_left.jpg,O
830,50,Male,7,830_left.jpg,DO
831,54,Male,6,831_left.jpg,DM
832,61,Male,0,832_left.jpg,N
834,47,Female,0,834_left.jpg,O
835,58,Female,0,835_left.jpg,O
836,54,Male,1,836_left.jpg,DO
837,45,Male,7,837_left.jpg,O
838,67,Male,7,838_left.jpg,O
839,62,Male,1,839_left.jpg,DO
842,60,Female,1,842_left.jpg,DO
846,54,Male,7,846_left.jpg,O
847,56,Female,4,847_left.jpg,AO
848,56,Male,7,848_left.jpg,O
849,60,Female,5,849_left.jpg,H
850,68,Male,1,850_left.jpg,DO
852,67,Female,4,852_left.jpg,A
853,30,Male,7,853_left.jpg,O
854,74,Male,0,854_left.jpg,O
855,55,Female,4,855_left.jpg,A
856,46,Male,7,856_left.jpg,O
857,63,Male,7,857_left.jpg,DO
858,25,Male,7,858_left.jpg,O
859,61,Male,0,859_left.jpg,O
860,62,Female,1,860_left.jpg,D
861,55,Male,5,861_left.jpg,DH
862,65,Female,7,862_left.jpg,O
864,71,Female,1,864_left.jpg,D
865,61,Male,7,865_left.jpg,DO
866,51,Male,0,866_left.jpg,O
867,71,Female,7,867_left.jpg,O
868,55,Female,7,868_left.jpg,DO
869,40,Male,0,869_left.jpg,O
870,69,Male,4,870_left.jpg,A
871,70,Female,1,871_left.jpg,DO
872,64,Female,7,872_left.jpg,O
873,66,Male,7,873_left.jpg,O
874,60,Female,3,874_left.jpg,DC
875,63,Female,7,875_left.jpg,O
876,71,Male,7,876_left.jpg,O
877,75,Female,0,877_left.jpg,O
878,60,Male,7,878_left.jpg,O
879,54,Female,7,879_left.jpg,O
880,70,Male,7,880_left.jpg,DO
881,56,Female,1,881_left.jpg,DO
883,63,Male,7,883_left.jpg,O
884,60,Female,7,884_left.jpg,O
885,54,Male,0,885_left.jpg,A
886,65,Female,7,886_left.jpg,AO
887,63,Female,7,887_left.jpg,O
888,56,Male,4,888_left.jpg,A
889,58,Female,4,889_left.jpg,A
890,48,Female,1,890_left.jpg,DO
891,59,Female,7,891_left.jpg,O
892,68,Male,0,892_left.jpg,O
893,34,Male,7,893_left.jpg,O
894,54,Male,0,894_left.jpg,O
895,63,Female,7,895_left.jpg,O
896,57,Female,0,896_left.jpg,O
897,65,Male,7,897_left.jpg,O
898,77,Female,1,898_left.jpg,DO
899,54,Female,7,899_left.jpg,O
900,64,Male,0,900_left.jpg,O
901,57,Male,0,901_left.jpg,O
902,70,Female,7,902_left.jpg,O
903,72,Male,0,903_left.jpg,O
904,66,Female,1,904_left.jpg,DO
906,59,Female,7,906_left.jpg,O
907,74,Male,3,907_left.jpg,CO
909,48,Male,7,909_left.jpg,O
910,62,Male,4,910_left.jpg,A
911,60,Female,7,911_left.jpg,DO
912,74,Male,7,912_left.jpg,O
913,61,Female,1,913_left.jpg,DO
914,61,Female,1,914_left.jpg,DO
915,50,Male,0,915_left.jpg,O
916,45,Female,1,916_left.jpg,D
917,60,Male,0,917_left.jpg,D
918,60,Female,7,918_left.jpg,O
919,45,Male,7,919_left.jpg,O
920,26,Female,1,920_left.jpg,DO
921,57,Male,7,921_left.jpg,O
922,45,Female,7,922_left.jpg,O
923,49,Male,1,923_left.jpg,DO
924,72,Female,0,924_left.jpg,O
925,43,Female,0,925_left.jpg,O
926,44,Female,1,926_left.jpg,DO
927,66,Male,4,927_left.jpg,A
928,45,Female,7,928_left.jpg,O
929,55,Male,1,929_left.jpg,DO
930,75,Female,7,930_left.jpg,O
931,65,Male,2,931_left.jpg,DG
932,63,Female,0,932_left.jpg,O
933,69,Male,0,933_left.jpg,O
934,72,Female,1,934_left.jpg,DA
938,76,Male,4,938_left.jpg,DAM
939,41,Female,0,939_left.jpg,N
941,59,Male,7,941_left.jpg,O
942,46,Female,7,942_left.jpg,O
943,64,Male,7,943_left.jpg,O
944,72,Male,1,944_left.jpg,DO
945,44,Male,0,945_left.jpg,O
946,60,Male,0,946_left.jpg,O
947,44,Female,1,947_left.jpg,D
948,65,Male,1,948_left.jpg,DO
949,49,Male,1,949_left.jpg,DC
950,48,Female,0,950_left.jpg,O
951,41,Male,0,951_left.jpg,N
952,76,Female,7,952_left.jpg,DO
953,46,Male,1,953_left.jpg,DO
954,61,Female,7,954_left.jpg,O
956,66,Female,1,956_left.jpg,DO
957,45,Male,5,957_left.jpg,H
958,52,Male,7,958_left.jpg,O
959,63,Female,7,959_left.jpg,DO
960,55,Male,1,960_left.jpg,D
961,72,Male,4,961_left.jpg,A
962,68,Female,7,962_left.jpg,DO
963,63,Female,7,963_left.jpg,O
964,71,Male,1,964_left.jpg,DO
965,45,Male,7,965_left.jpg,O
966,59,Female,7,966_left.jpg,DO
968,68,Female,5,968_left.jpg,H
969,42,Male,7,969_left.jpg,O
970,56,Female,3,970_left.jpg,DC
971,56,Male,4,971_left.jpg,A
972,53,Male,1,972_left.jpg,DO
973,70,Male,7,973_left.jpg,O
974,64,Male,7,974_left.jpg,O
975,66,Female,0,975_left.jpg,O
976,78,Male,1,976_left.jpg,DO
977,81,Female,4,977_left.jpg,A
978,59,Male,1,978_left.jpg,DA
979,56,Male,0,979_left.jpg,O
980,51,Male,1,980_left.jpg,D
981,80,Male,1,981_left.jpg,DO
982,65,Male,0,982_left.jpg,O
983,63,Male,5,983_left.jpg,H
984,69,Female,0,984_left.jpg,O
986,68,Female,7,986_left.jpg,O
987,64,Female,7,987_left.jpg,O
990,41,Female,0,990_left.jpg,O
992,53,Female,4,992_left.jpg,A
994,65,Female,0,994_left.jpg,O
996,56,Male,7,996_left.jpg,O
997,63,Female,1,997_left.jpg,DO
998,36,Male,4,998_left.jpg,AH
999,56,Female,3,999_left.jpg,C
1006,64,Male,0,1006_left.jpg,O
1008,65,Male,0,1008_left.jpg,O
1010,63,Female,0,1010_left.jpg,O
1011,36,Male,0,1011_left.jpg,O
1012,56,Female,7,1012_left.jpg,MO
1013,66,Female,0,1013_left.jpg,O
1015,53,Female,7,1015_left.jpg,O
1016,62,Female,0,1016_left.jpg,O
1019,80,Female,7,1019_left.jpg,O
1020,67,Male,2,1020_left.jpg,GMO
1021,64,Female,0,1021_left.jpg,O
1022,37,Male,1,1022_left.jpg,D
1023,67,Female,0,1023_left.jpg,O
1024,60,Male,5,1024_left.jpg,DH
1028,50,Female,7,1028_left.jpg,O
1031,53,Male,7,1031_left.jpg,HO
1032,67,Female,0,1032_left.jpg,O
1034,56,Male,0,1034_left.jpg,N
1035,53,Male,0,1035_left.jpg,D
1038,54,Female,0,1038_left.jpg,O
1039,82,Female,7,1039_left.jpg,O
1040,65,Male,7,1040_left.jpg,O
1041,71,Female,0,1041_left.jpg,O
1043,57,Female,4,1043_left.jpg,A
1045,51,Male,5,1045_left.jpg,H
1046,55,Male,5,1046_left.jpg,H
1048,60,Female,5,1048_left.jpg,H
1050,60,Female,7,1050_left.jpg,O
1052,71,Female,7,1052_left.jpg,O
1053,33,Female,0,1053_left.jpg,O
1054,59,Male,0,1054_left.jpg,N
1056,62,Male,5,1056_left.jpg,HO
1058,28,Female,0,1058_left.jpg,O
1059,43,Male,7,1059_left.jpg,O
1060,54,Male,0,1060_left.jpg,N
1064,61,Male,4,1064_left.jpg,A
1065,75,Male,4,1065_left.jpg,AM
1068,59,Male,1,1068_left.jpg,D
1071,52,Male,1,1071_left.jpg,D
1072,54,Female,0,1072_left.jpg,N
1074,67,Female,7,1074_left.jpg,O
1075,67,Male,4,1075_left.jpg,A
1079,64,Female,7,1079_left.jpg,O
1080,60,Female,7,1080_left.jpg,O
1081,47,Female,5,1081_left.jpg,H
1082,48,Male,1,1082_left.jpg,D
1083,55,Female,3,1083_left.jpg,DC
1084,60,Male,1,1084_left.jpg,DC
1085,32,Male,4,1085_left.jpg,A
1086,62,Male,0,1086_left.jpg,O
1089,56,Female,0,1089_left.jpg,O
1090,55,Male,7,1090_left.jpg,O
1091,70,Female,4,1091_left.jpg,A
1092,68,Female,0,1092_left.jpg,O
1093,53,Male,7,1093_left.jpg,O
1094,49,Male,1,1094_left.jpg,D
1095,56,Male,7,1095_left.jpg,O
1096,59,Female,0,1096_left.jpg,O
1097,59,Male,0,1097_left.jpg,O
1098,66,Male,4,1098_left.jpg,A
1099,57,Female,7,1099_left.jpg,O
1102,56,Male,3,1102_left.jpg,C
1103,29,Male,6,1103_left.jpg,M
1104,66,Female,4,1104_left.jpg,A
1106,64,Male,1,1106_left.jpg,D
1109,60,Male,0,1109_left.jpg,O
1111,65,Female,4,1111_left.jpg,A
1113,56,Female,0,1113_left.jpg,D
1114,67,Male,7,1114_left.jpg,O
1115,81,Female,3,1115_left.jpg,C
1117,65,Male,0,1117_left.jpg,O
1118,47,Female,0,1118_left.jpg,O
1119,65,Male,7,1119_left.jpg,O
1120,55,Male,0,1120_left.jpg,O
1122,65,Female,7,1122_left.jpg,O
1123,51,Female,0,1123_left.jpg,O
1124,63,Male,7,1124_left.jpg,O
1125,37,Female,4,1125_left.jpg,A
1126,64,Female,0,1126_left.jpg,C
1129,69,Female,7,1129_left.jpg,O
1132,56,Male,0,1132_left.jpg,O
1133,56,Male,7,1133_left.jpg,O
1136,67,Female,1,1136_left.jpg,D
1137,60,Female,0,1137_left.jpg,O
1138,46,Male,1,1138_left.jpg,D
1143,45,Male,7,1143_left.jpg,O
1144,60,Male,3,1144_left.jpg,DC
1146,59,Female,7,1146_left.jpg,O
1147,65,Female,1,1147_left.jpg,D
1150,71,Male,6,1150_left.jpg,M
1151,60,Male,0,1151_left.jpg,O
1152,54,Female,1,1152_left.jpg,D
1153,65,Female,1,1153_left.jpg,D
1154,43,Female,4,1154_left.jpg,A
1156,65,Male,7,1156_left.jpg,O
1157,68,Male,1,1157_left.jpg,D
1160,69,Female,0,1160_left.jpg,O
1162,67,Male,0,1162_left.jpg,O
1164,67,Female,3,1164_left.jpg,C
1165,44,Male,0,1165_left.jpg,O
1166,59,Female,0,1166_left.jpg,O
1167,64,Male,1,1167_left.jpg,DC
1168,67,Female,0,1168_left.jpg,A
1169,26,Female,7,1169_left.jpg,O
1170,56,Male,7,1170_left.jpg,O
1171,74,Female,7,1171_left.jpg,O
1172,65,Female,7,1172_left.jpg,O
1173,59,Female,7,1173_left.jpg,O
1174,71,Female,7,1174_left.jpg,O
1176,65,Female,0,1176_left.jpg,O
1186,54,Female,7,1186_left.jpg,O
1191,58,Male,4,1191_left.jpg,DA
1195,62,Female,7,1195_left.jpg,O
1196,67,Male,4,1196_left.jpg,A
1197,54,Female,4,1197_left.jpg,A
1198,44,Female,7,1198_left.jpg,O
1200,55,Female,0,1200_left.jpg,O
1202,42,Female,4,1202_left.jpg,AO
1205,58,Female,1,1205_left.jpg,D
1206,54,Male,1,1206_left.jpg,DM
1207,61,Female,7,1207_left.jpg,O
1209,69,Female,2,1209_left.jpg,G
1210,62,Male,2,1210_left.jpg,G
1211,80,Male,2,1211_left.jpg,GO
1212,73,Female,2,1212_left.jpg,G
1213,76,Male,2,1213_left.jpg,GM
1214,70,Female,2,1214_left.jpg,GO
1215,68,Male,2,1215_left.jpg,G
1216,45,Male,2,1216_left.jpg,G
1217,70,Male,2,1217_left.jpg,G
1218,68,Female,2,1218_left.jpg,G
1219,72,Female,6,1219_left.jpg,MO
1220,58,Female,2,1220_left.jpg,G
1221,70,Male,2,1221_left.jpg,GO
1222,59,Male,2,1222_left.jpg,G
1225,39,Male,2,1225_left.jpg,GM
1226,74,Female,2,1226_left.jpg,G
1227,62,Female,2,1227_left.jpg,G
1228,67,Male,2,1228_left.jpg,DG
1229,66,Male,2,1229_left.jpg,G
1230,52,Male,2,1230_left.jpg,DG
1231,59,Female,2,1231_left.jpg,G
1232,61,Male,2,1232_left.jpg,G
1234,66,Female,2,1234_left.jpg,G
1237,62,Male,2,1237_left.jpg,G
1238,45,Male,1,1238_left.jpg,DG
1239,62,Male,2,1239_left.jpg,G
1240,69,Female,0,1240_left.jpg,O
1241,64,Female,2,1241_left.jpg,G
1245,65,Female,0,1245_left.jpg,O
1246,70,Female,2,1246_left.jpg,G
1247,65,Male,2,1247_left.jpg,G
1248,74,Female,2,1248_left.jpg,G
1250,54,Male,2,1250_left.jpg,GM
1251,68,Female,2,1251_left.jpg,DG
1253,60,Female,0,1253_left.jpg,N
1255,33,Male,2,1255_left.jpg,GO
1256,84,Male,2,1256_left.jpg,G
1258,72,Male,2,1258_left.jpg,G
1259,56,Male,2,1259_left.jpg,G
1260,66,Female,2,1260_left.jpg,G
1261,62,Female,2,1261_left.jpg,G
1262,70,Female,0,1262_left.jpg,G
1264,54,Male,2,1264_left.jpg,GO
1265,75,Male,2,1265_left.jpg,G
1266,68,Male,2,1266_left.jpg,G
1267,55,Male,2,1267_left.jpg,G
1268,56,Female,2,1268_left.jpg,G
1269,81,Female,2,1269_left.jpg,G
1270,62,Male,2,1270_left.jpg,G
1271,59,Female,2,1271_left.jpg,G
1272,59,Female,2,1272_left.jpg,G
1274,48,Female,0,1274_left.jpg,O
1276,63,Male,2,1276_left.jpg,G
1277,74,Male,2,1277_left.jpg,GO
1279,84,Female,2,1279_left.jpg,GM
1280,50,Female,4,1280_left.jpg,GA
1281,61,Male,2,1281_left.jpg,DG
1282,68,Female,2,1282_left.jpg,G
1284,42,Male,2,1284_left.jpg,G
1285,62,Female,3,1285_left.jpg,DC
1286,62,Male,2,1286_left.jpg,DG
1287,74,Male,2,1287_left.jpg,G
1288,63,Male,2,1288_left.jpg,G
1289,71,Female,2,1289_left.jpg,GM
1290,54,Male,2,1290_left.jpg,GH
1291,63,Male,2,1291_left.jpg,GO
1294,73,Male,2,1294_left.jpg,G
1295,64,Female,4,1295_left.jpg,A
1296,60,Female,0,1296_left.jpg,O
1297,70,Male,2,1297_left.jpg,GO
1299,49,Female,7,1299_left.jpg,O
1301,68,Male,2,1301_left.jpg,G
1302,49,Female,2,1302_left.jpg,DG
1303,49,Male,2,1303_left.jpg,GHO
1304,56,Female,7,1304_left.jpg,O
1306,72,Male,2,1306_left.jpg,G
1307,64,Female,2,1307_left.jpg,G
1308,45,Female,7,1308_left.jpg,O
1309,49,Male,2,1309_left.jpg,GH
1311,67,Female,0,1311_left.jpg,O
1314,43,Female,4,1314_left.jpg,GA
1318,61,Female,2,1318_left.jpg,G
1325,76,Female,2,1325_left.jpg,G
1327,74,Female,2,1327_left.jpg,GO
1330,67,Female,2,1330_left.jpg,G
1334,69,Male,2,1334_left.jpg,G
1344,52,Female,2,1344_left.jpg,G
1345,49,Female,2,1345_left.jpg,G
1349,73,Male,6,1349_left.jpg,M
1351,36,Male,2,1351_left.jpg,G
1352,45,Male,2,1352_left.jpg,G
1353,63,Male,2,1353_left.jpg,G
1362,47,Female,2,1362_left.jpg,G
1364,53,Female,0,1364_left.jpg,DM
1365,67,Female,2,1365_left.jpg,G
1369,67,Male,2,1369_left.jpg,G
1371,81,Male,2,1371_left.jpg,G
1373,68,Male,5,1373_left.jpg,HO
1374,63,Female,2,1374_left.jpg,G
1377,64,Female,5,1377_left.jpg,GH
1378,72,Female,2,1378_left.jpg,G
1383,67,Female,7,1383_left.jpg,GO
1386,67,Female,2,1386_left.jpg,G
1388,62,Male,1,1388_left.jpg,DG
1389,64,Female,2,1389_left.jpg,G
1392,80,Female,2,1392_left.jpg,G
1393,31,Female,0,1393_left.jpg,G
1396,63,Male,2,1396_left.jpg,GO
1397,56,Female,2,1397_left.jpg,G
1402,63,Male,2,1402_left.jpg,DG
1404,50,Female,2,1404_left.jpg,G
1405,67,Male,2,1405_left.jpg,GO
1406,78,Female,2,1406_left.jpg,DG
1408,69,Male,7,1408_left.jpg,GO
1409,79,Female,1,1409_left.jpg,DG
1410,69,Female,2,1410_left.jpg,DGO
1411,79,Female,2,1411_left.jpg,GO
1413,68,Female,1,1413_left.jpg,DG
1414,66,Male,2,1414_left.jpg,G
1415,81,Female,3,1415_left.jpg,GC
1416,66,Female,0,1416_left.jpg,G
1417,83,Male,0,1417_left.jpg,G
1418,68,Male,2,1418_left.jpg,G
1419,67,Female,2,1419_left.jpg,GO
1420,76,Female,7,1420_left.jpg,GO
1421,60,Male,2,1421_left.jpg,G
1423,75,Male,2,1423_left.jpg,G
1424,74,Male,2,1424_left.jpg,G
1425,70,Female,0,1425_left.jpg,G
1426,68,Female,2,1426_left.jpg,GO
1427,70,Male,0,1427_left.jpg,G
1428,71,Female,2,1428_left.jpg,DG
1429,62,Female,2,1429_left.jpg,G
1431,73,Male,2,1431_left.jpg,G
1433,57,Male,2,1433_left.jpg,G
1434,54,Male,2,1434_left.jpg,DG
1435,79,Male,3,1435_left.jpg,C
1436,65,Female,2,1436_left.jpg,G
1439,60,Female,2,1439_left.jpg,G
1440,67,Male,2,1440_left.jpg,G
1441,50,Male,2,1441_left.jpg,G
1442,63,Male,2,1442_left.jpg,DGO
1443,57,Male,2,1443_left.jpg,G
1444,73,Female,3,1444_left.jpg,C
1447,56,Male,2,1447_left.jpg,G
1450,76,Female,2,1450_left.jpg,G
1452,57,Male,3,1452_left.jpg,C
1453,77,Male,0,1453_left.jpg,G
1454,79,Male,7,1454_left.jpg,CO
1456,81,Male,3,1456_left.jpg,C
1458,75,Female,4,1458_left.jpg,GA
1460,62,Female,0,1460_left.jpg,C
1462,71,Male,2,1462_left.jpg,GO
1465,54,Male,0,1465_left.jpg,G
1468,79,Male,3,1468_left.jpg,C
1469,51,Female,2,1469_left.jpg,G
1470,42,Male,2,1470_left.jpg,G
1471,45,Male,2,1471_left.jpg,GO
1473,57,Male,2,1473_left.jpg,G
1474,79,Female,2,1474_left.jpg,DGO
1476,68,Male,0,1476_left.jpg,G
1477,71,Female,2,1477_left.jpg,G
1478,35,Male,2,1478_left.jpg,G
1479,76,Female,2,1479_left.jpg,G
1480,81,Male,7,1480_left.jpg,GO
1482,69,Male,1,1482_left.jpg,DG
1483,69,Female,3,1483_left.jpg,C
1484,65,Female,3,1484_left.jpg,C
1485,69,Female,0,1485_left.jpg,G
1486,61,Male,2,1486_left.jpg,G
1487,56,Female,2,1487_left.jpg,G
1488,51,Female,2,1488_left.jpg,DG
1489,76,Female,2,1489_left.jpg,G
1490,79,Female,0,1490_left.jpg,C
1491,60,Female,2,1491_left.jpg,G
1492,54,Male,2,1492_left.jpg,G
1493,49,Male,2,1493_left.jpg,G
1494,38,Male,2,1494_left.jpg,G
1495,64,Female,2,1495_left.jpg,G
1496,31,Female,1,1496_left.jpg,DG
1497,54,Male,2,1497_left.jpg,G
1498,52,Male,2,1498_left.jpg,G
1503,49,Male,0,1503_left.jpg,G
1507,62,Male,0,1507_left.jpg,G
1510,56,Male,0,1510_left.jpg,G
1513,79,Female,0,1513_left.jpg,M
1514,33,Male,2,1514_left.jpg,G
1515,78,Male,2,1515_left.jpg,G
1516,71,Female,7,1516_left.jpg,O
1519,68,Female,0,1519_left.jpg,M
1520,57,Male,7,1520_left.jpg,MO
1523,76,Female,6,1523_left.jpg,M
1526,74,Female,6,1526_left.jpg,M
1527,64,Female,6,1527_left.jpg,M
1528,59,Female,6,1528_left.jpg,MO
1529,57,Male,6,1529_left.jpg,M
1530,70,Male,6,1530_left.jpg,M
1531,63,Female,6,1531_left.jpg,M
1532,62,Female,6,1532_left.jpg,M
1533,62,Female,6,1533_left.jpg,M
1534,67,Female,6,1534_left.jpg,M
1535,45,Male,6,1535_left.jpg,M
1536,66,Female,6,1536_left.jpg,MO
1537,42,Male,6,1537_left.jpg,M
1538,49,Female,6,1538_left.jpg,M
1539,68,Male,6,1539_left.jpg,M
1541,50,Male,6,1541_left.jpg,M
1543,30,Female,1,1543_left.jpg,DM
1544,68,Female,6,1544_left.jpg,M
1545,58,Female,6,1545_left.jpg,M
1546,53,Male,6,1546_left.jpg,M
1547,66,Female,6,1547_left.jpg,M
1548,63,Female,6,1548_left.jpg,M
1549,78,Female,6,1549_left.jpg,M
1550,76,Male,6,1550_left.jpg,M
1551,50,Male,6,1551_left.jpg,M
1552,67,Male,6,1552_left.jpg,M
1553,51,Female,6,1553_left.jpg,M
1554,78,Female,6,1554_left.jpg,M
1555,71,Male,6,1555_left.jpg,M
1556,66,Female,6,1556_left.jpg,M
1557,35,Female,6,1557_left.jpg,MO
1558,73,Female,6,1558_left.jpg,M
1559,56,Female,6,1559_left.jpg,MO
1561,63,Female,6,1561_left.jpg,M
1562,62,Female,6,1562_left.jpg,M
1563,1,Female,6,1563_left.jpg,M
1564,1,Female,6,1564_left.jpg,M
1565,1,Female,6,1565_left.jpg,M
1566,75,Female,6,1566_left.jpg,MO
1568,1,Female,6,1568_left.jpg,M
1569,50,Male,0,1569_left.jpg,M
1570,46,Female,6,1570_left.jpg,M
1571,65,Male,6,1571_left.jpg,MO
1572,75,Male,6,1572_left.jpg,M
1576,67,Female,6,1576_left.jpg,M
1578,34,Female,6,1578_left.jpg,M
1579,57,Female,6,1579_left.jpg,M
1580,58,Female,6,1580_left.jpg,M
1583,1,Female,6,1583_left.jpg,M
1584,73,Female,6,1584_left.jpg,M
1586,60,Female,6,1586_left.jpg,M
1588,1,Female,6,1588_left.jpg,M
1589,1,Female,6,1589_left.jpg,M
1590,1,Female,0,1590_left.jpg,M
1591,62,Female,6,1591_left.jpg,MO
1593,57,Female,6,1593_left.jpg,M
1594,65,Female,6,1594_left.jpg,M
1598,60,Female,6,1598_left.jpg,MO
1599,1,Female,6,1599_left.jpg,M
1600,1,Female,6,1600_left.jpg,M
1601,73,Female,6,1601_left.jpg,M
1602,38,Female,6,1602_left.jpg,M
1603,1,Female,6,1603_left.jpg,M
1605,54,Male,6,1605_left.jpg,M
1606,54,Male,6,1606_left.jpg,M
1607,62,Female,6,1607_left.jpg,M
1609,58,Female,6,1609_left.jpg,MO
1610,64,Male,6,1610_left.jpg,M
1611,70,Female,6,1611_left.jpg,M
1612,53,Female,6,1612_left.jpg,M
1613,66,Female,6,1613_left.jpg,M
1615,60,Female,6,1615_left.jpg,M
1616,47,Female,6,1616_left.jpg,M
1617,1,Female,6,1617_left.jpg,M
1618,67,Female,6,1618_left.jpg,M
1619,70,Female,0,1619_left.jpg,M
1620,62,Male,0,1620_left.jpg,M
1621,50,Female,6,1621_left.jpg,M
1623,58,Female,6,1623_left.jpg,M
1624,71,Female,6,1624_left.jpg,M
1626,74,Male,6,1626_left.jpg,MO
1628,56,Male,6,1628_left.jpg,MO
1629,50,Female,6,1629_left.jpg,M
1630,61,Male,6,1630_left.jpg,M
1638,59,Male,6,1638_left.jpg,MO
1640,45,Male,6,1640_left.jpg,MO
1643,69,Male,6,1643_left.jpg,MO
1644,63,Female,7,1644_left.jpg,MO
1647,69,Male,6,1647_left.jpg,M
1662,68,Male,6,1662_left.jpg,MO
1663,77,Male,6,1663_left.jpg,M
1666,47,Male,0,1666_left.jpg,M
1673,73,Male,7,1673_left.jpg,MO
1674,74,Female,1,1674_left.jpg,DMO
1681,70,Male,7,1681_left.jpg,MO
1686,51,Male,6,1686_left.jpg,M
1694,52,Male,7,1694_left.jpg,MO
1710,62,Male,6,1710_left.jpg,M
1716,66,Male,6,1716_left.jpg,MO
1718,65,Male,1,1718_left.jpg,DMO
1731,72,Female,6,1731_left.jpg,DMO
1817,51,Female,4,1817_left.jpg,A
1819,80,Male,4,1819_left.jpg,A
1820,65,Male,4,1820_left.jpg,A
1829,1,Female,4,1829_left.jpg,A
1830,54,Female,4,1830_left.jpg,A
1831,68,Male,4,1831_left.jpg,A
1833,65,Female,5,1833_left.jpg,H
1834,60,Female,4,1834_left.jpg,A
1835,64,Female,4,1835_left.jpg,A
1836,45,Female,4,1836_left.jpg,A
1837,49,Male,0,1837_left.jpg,A
1838,62,Male,1,1838_left.jpg,DO
1840,61,Male,4,1840_left.jpg,A
1841,68,Male,4,1841_left.jpg,A
1843,79,Female,4,1843_left.jpg,A
1844,67,Male,4,1844_left.jpg,A
1845,55,Male,4,1845_left.jpg,A
1846,73,Female,4,1846_left.jpg,A
1847,61,Female,4,1847_left.jpg,A
1850,65,Female,4,1850_left.jpg,A
1853,48,Male,5,1853_left.jpg,AH
1854,83,Male,4,1854_left.jpg,A
1856,84,Female,4,1856_left.jpg,A
1857,66,Male,4,1857_left.jpg,A
1859,59,Male,4,1859_left.jpg,A
1862,67,Female,4,1862_left.jpg,A
1867,64,Male,5,1867_left.jpg,H
1868,63,Male,0,1868_left.jpg,A
1869,75,Male,4,1869_left.jpg,A
1872,63,Male,4,1872_left.jpg,A
1873,66,Male,0,1873_left.jpg,A
1874,87,Male,4,1874_left.jpg,A
1876,62,Male,0,1876_left.jpg,A
1877,64,Male,4,1877_left.jpg,A
1878,63,Female,4,1878_left.jpg,A
1879,68,Male,4,1879_left.jpg,A
1880,68,Male,4,1880_left.jpg,A
1881,67,Female,4,1881_left.jpg,GA
1884,78,Female,7,1884_left.jpg,AO
1885,66,Male,4,1885_left.jpg,A
1886,74,Female,4,1886_left.jpg,A
1889,45,Male,4,1889_left.jpg,A
1890,55,Female,4,1890_left.jpg,A
1891,64,Male,7,1891_left.jpg,AO
1892,69,Female,4,1892_left.jpg,A
1893,67,Female,4,1893_left.jpg,A
1919,50,Male,7,1919_left.jpg,AO
1942,52,Male,1,1942_left.jpg,DA
1959,54,Male,2,1959_left.jpg,G
1963,57,Female,1,1963_left.jpg,DG
1964,54,Female,2,1964_left.jpg,GO
1965,62,Female,2,1965_left.jpg,DGO
1967,54,Male,2,1967_left.jpg,G
1968,52,Male,3,1968_left.jpg,CO
1970,81,Female,2,1970_left.jpg,GO
1971,65,Male,2,1971_left.jpg,DGM
1975,55,Male,2,1975_left.jpg,G
1977,70,Male,2,1977_left.jpg,G
1985,53,Female,2,1985_left.jpg,DGO
1986,70,Male,2,1986_left.jpg,GO
1987,70,Female,3,1987_left.jpg,CO
1989,62,Male,5,1989_left.jpg,H
1990,56,Female,0,1990_left.jpg,GO
1994,67,Male,3,1994_left.jpg,DCO
1999,60,Male,7,1999_left.jpg,GO
2004,47,Male,5,2004_left.jpg,H
2006,44,Male,7,2006_left.jpg,GO
2010,75,Male,1,2010_left.jpg,DG
2020,51,Male,7,2020_left.jpg,GO
2030,66,Male,2,2030_left.jpg,DGO
2032,48,Male,1,2032_left.jpg,DG
2034,63,Male,4,2034_left.jpg,AO
2041,55,Female,2,2041_left.jpg,GAO
2048,63,Male,5,2048_left.jpg,GHO
2052,62,Male,5,2052_left.jpg,CH
2053,47,Male,4,2053_left.jpg,AO
2063,77,Male,2,2063_left.jpg,DGO
2064,56,Female,5,2064_left.jpg,DH
2065,58,Male,4,2065_left.jpg,AO
2066,52,Male,5,2066_left.jpg,H
2070,50,Male,5,2070_left.jpg,H
2074,24,Male,2,2074_left.jpg,GC
2078,42,Female,1,2078_left.jpg,DAO
2095,76,Female,0,2095_left.jpg,C
2096,74,Male,1,2096_left.jpg,DC
2097,74,Female,0,2097_left.jpg,C
2098,75,Female,3,2098_left.jpg,C
2099,69,Female,3,2099_left.jpg,DC
2100,31,Male,1,2100_left.jpg,DCO
2101,62,Male,3,2101_left.jpg,C
2103,61,Female,3,2103_left.jpg,DC
2104,74,Male,3,2104_left.jpg,C
2105,76,Female,3,2105_left.jpg,C
2106,81,Female,0,2106_left.jpg,C
2107,78,Male,3,2107_left.jpg,DCO
2108,64,Female,3,2108_left.jpg,C
2109,82,Male,3,2109_left.jpg,C
2110,70,Female,3,2110_left.jpg,C
2111,73,Female,3,2111_left.jpg,CO
2112,62,Female,0,2112_left.jpg,C
2113,52,Female,3,2113_left.jpg,C
2114,80,Female,3,2114_left.jpg,C
2115,71,Female,1,2115_left.jpg,DC
2116,81,Female,3,2116_left.jpg,C
2117,71,Female,3,2117_left.jpg,DC
2118,77,Female,7,2118_left.jpg,CO
2119,91,Male,0,2119_left.jpg,C
2120,72,Female,3,2120_left.jpg,C
2121,56,Male,3,2121_left.jpg,C
2122,85,Male,3,2122_left.jpg,C
2123,47,Male,3,2123_left.jpg,CO
2124,61,Female,3,2124_left.jpg,CO
2125,83,Female,3,2125_left.jpg,C
2126,75,Male,3,2126_left.jpg,C
2127,70,Male,3,2127_left.jpg,C
2128,81,Female,3,2128_left.jpg,C
2129,73,Male,3,2129_left.jpg,C
2130,54,Male,3,2130_left.jpg,C
2132,59,Female,3,2132_left.jpg,C
2133,63,Male,3,2133_left.jpg,C
2134,54,Female,3,2134_left.jpg,C
2135,71,Female,3,2135_left.jpg,C
2136,76,Female,3,2136_left.jpg,C
2137,44,Female,3,2137_left.jpg,C
2138,79,Female,3,2138_left.jpg,C
2140,70,Male,3,2140_left.jpg,C
2141,51,Male,1,2141_left.jpg,DC
2142,75,Female,3,2142_left.jpg,C
2143,83,Female,0,2143_left.jpg,C
2144,75,Male,3,2144_left.jpg,C
2145,73,Female,3,2145_left.jpg,CO
2146,87,Male,3,2146_left.jpg,C
2147,55,Female,3,2147_left.jpg,CO
2149,73,Female,0,2149_left.jpg,C
2150,78,Male,3,2150_left.jpg,C
2151,51,Female,3,2151_left.jpg,C
2152,58,Female,3,2152_left.jpg,C
2153,54,Male,3,2153_left.jpg,C
2154,83,Male,3,2154_left.jpg,C
2155,72,Male,3,2155_left.jpg,C
2156,78,Male,3,2156_left.jpg,DC
2157,80,Female,3,2157_left.jpg,C
2158,61,Female,3,2158_left.jpg,C
2159,53,Male,3,2159_left.jpg,C
2160,76,Female,0,2160_left.jpg,C
2161,59,Male,1,2161_left.jpg,DC
2162,63,Male,0,2162_left.jpg,C
2163,58,Male,3,2163_left.jpg,C
2164,67,Male,3,2164_left.jpg,DC
2165,36,Female,1,2165_left.jpg,DC
2166,60,Male,3,2166_left.jpg,DC
2167,75,Female,3,2167_left.jpg,C
2168,64,Female,3,2168_left.jpg,DCO
2169,42,Male,3,2169_left.jpg,C
2170,35,Male,3,2170_left.jpg,C
2171,87,Female,3,2171_left.jpg,C
2172,73,Male,3,2172_left.jpg,C
2173,81,Female,7,2173_left.jpg,CO
2174,65,Female,0,2174_left.jpg,C
2175,63,Male,3,2175_left.jpg,C
2176,82,Female,3,2176_left.jpg,C
2177,87,Male,0,2177_left.jpg,C
2178,84,Male,3,2178_left.jpg,C
2179,70,Female,3,2179_left.jpg,C
2180,66,Female,3,2180_left.jpg,C
2181,79,Female,3,2181_left.jpg,C
2182,70,Male,3,2182_left.jpg,C
2183,47,Female,3,2183_left.jpg,C
2184,65,Female,3,2184_left.jpg,C
2185,72,Female,3,2185_left.jpg,CO
2187,63,Female,0,2187_left.jpg,C
2189,81,Female,3,2189_left.jpg,C
2190,84,Female,0,2190_left.jpg,C
2191,80,Female,0,2191_left.jpg,C
2192,50,Female,3,2192_left.jpg,C
2193,50,Female,0,2193_left.jpg,C
2194,50,Male,3,2194_left.jpg,C
2195,47,Female,3,2195_left.jpg,C
2196,69,Female,0,2196_left.jpg,C
2197,52,Male,0,2197_left.jpg,C
2198,69,Female,3,2198_left.jpg,C
2199,69,Female,3,2199_left.jpg,CO
2200,64,Female,3,2200_left.jpg,DCO
2201,59,Male,1,2201_left.jpg,DC
2203,59,Female,3,2203_left.jpg,C
2204,64,Female,3,2204_left.jpg,CO
2205,51,Female,0,2205_left.jpg,C
2206,65,Female,3,2206_left.jpg,C
2207,65,Male,3,2207_left.jpg,C
2208,62,Male,0,2208_left.jpg,C
2209,80,Male,3,2209_left.jpg,C
2210,78,Female,3,2210_left.jpg,C
2211,80,Male,3,2211_left.jpg,C
2212,82,Male,3,2212_left.jpg,C
2213,83,Female,3,2213_left.jpg,C
2215,69,Male,3,2215_left.jpg,C
2216,38,Male,3,2216_left.jpg,C
2217,85,Female,3,2217_left.jpg,C
2218,48,Male,0,2218_left.jpg,C
2219,68,Female,3,2219_left.jpg,C
2220,54,Female,1,2220_left.jpg,DC
2221,71,Male,3,2221_left.jpg,C
2222,45,Female,3,2222_left.jpg,CO
2223,56,Male,3,2223_left.jpg,C
2225,57,Male,3,2225_left.jpg,C
2226,52,Female,3,2226_left.jpg,DC
2227,62,Female,3,2227_left.jpg,C
2228,64,Female,1,2228_left.jpg,DC
2229,59,Female,3,2229_left.jpg,C
2232,75,Male,3,2232_left.jpg,C
2233,77,Female,3,2233_left.jpg,C
2234,66,Female,3,2234_left.jpg,DC
2235,64,Male,3,2235_left.jpg,C
2236,72,Female,3,2236_left.jpg,C
2237,76,Male,0,2237_left.jpg,C
2239,46,Male,3,2239_left.jpg,C
2240,64,Male,3,2240_left.jpg,C
2241,50,Female,3,2241_left.jpg,C
2242,63,Male,3,2242_left.jpg,C
2243,80,Male,3,2243_left.jpg,C
2246,69,Male,3,2246_left.jpg,C
2247,73,Male,3,2247_left.jpg,C
2248,74,Female,3,2248_left.jpg,C
2262,65,Female,3,2262_left.jpg,DC
2282,64,Male,1,2282_left.jpg,DCO
2329,53,Female,0,2329_left.jpg,N
2330,32,Female,0,2330_left.jpg,N
2331,59,Male,0,2331_left.jpg,N
2332,59,Female,0,2332_left.jpg,N
2333,30,Female,0,2333_left.jpg,N
2334,63,Female,0,2334_left.jpg,N
2335,55,Female,0,2335_left.jpg,N
2336,44,Female,0,2336_left.jpg,N
2337,61,Female,0,2337_left.jpg,N
2338,64,Male,0,2338_left.jpg,N
2339,35,Male,0,2339_left.jpg,N
2340,61,Male,0,2340_left.jpg,N
2341,69,Female,0,2341_left.jpg,N
2342,76,Male,0,2342_left.jpg,N
2343,53,Male,0,2343_left.jpg,N
2345,60,Male,0,2345_left.jpg,N
2346,47,Female,0,2346_left.jpg,N
2347,74,Female,0,2347_left.jpg,N
2348,67,Female,0,2348_left.jpg,N
2349,45,Male,0,2349_left.jpg,N
2350,67,Female,0,2350_left.jpg,N
2351,51,Male,0,2351_left.jpg,N
2352,40,Male,0,2352_left.jpg,N
2353,51,Female,0,2353_left.jpg,N
2354,33,Female,0,2354_left.jpg,N
2355,35,Male,0,2355_left.jpg,N
2356,51,Male,0,2356_left.jpg,N
2357,70,Female,0,2357_left.jpg,N
2359,46,Male,0,2359_left.jpg,N
2360,66,Male,0,2360_left.jpg,N
2361,46,Male,0,2361_left.jpg,N
2362,56,Male,0,2362_left.jpg,N
2363,66,Female,0,2363_left.jpg,N
2364,58,Male,0,2364_left.jpg,N
2365,56,Male,0,2365_left.jpg,N
2366,59,Male,0,2366_left.jpg,N
2367,75,Female,0,2367_left.jpg,N
2368,57,Male,0,2368_left.jpg,N
2369,55,Male,0,2369_left.jpg,N
2370,46,Female,0,2370_left.jpg,N
2371,57,Female,0,2371_left.jpg,N
2372,80,Female,0,2372_left.jpg,N
2373,44,Male,0,2373_left.jpg,N
2374,47,Female,0,2374_left.jpg,N
2375,73,Male,0,2375_left.jpg,N
2376,65,Female,0,2376_left.jpg,N
2377,51,Male,0,2377_left.jpg,N
2378,80,Female,0,2378_left.jpg,N
2379,66,Male,0,2379_left.jpg,N
2380,67,Male,0,2380_left.jpg,N
2381,35,Male,0,2381_left.jpg,N
2382,47,Female,0,2382_left.jpg,N
2383,42,Male,0,2383_left.jpg,N
2384,65,Female,0,2384_left.jpg,N
2385,74,Female,0,2385_left.jpg,N
2386,62,Male,0,2386_left.jpg,N
2387,64,Female,0,2387_left.jpg,N
2388,54,Female,0,2388_left.jpg,N
2389,64,Male,0,2389_left.jpg,N
2390,67,Male,0,2390_left.jpg,N
2391,52,Female,0,2391_left.jpg,N
2392,68,Female,0,2392_left.jpg,N
2393,64,Female,0,2393_left.jpg,N
2394,73,Female,0,2394_left.jpg,N
2395,70,Male,0,2395_left.jpg,N
2396,62,Female,0,2396_left.jpg,N
2397,58,Male,0,2397_left.jpg,N
2398,55,Male,0,2398_left.jpg,N
2399,66,Male,0,2399_left.jpg,N
2401,57,Female,0,2401_left.jpg,N
2402,57,Male,0,2402_left.jpg,N
2403,55,Female,0,2403_left.jpg,N
2404,36,Male,0,2404_left.jpg,N
2405,62,Female,0,2405_left.jpg,N
2406,53,Male,0,2406_left.jpg,N
2407,56,Female,0,2407_left.jpg,N
2408,78,Female,0,2408_left.jpg,N
2409,52,Male,0,2409_left.jpg,N
2410,61,Female,0,2410_left.jpg,N
2411,75,Female,0,2411_left.jpg,N
2412,60,Female,0,2412_left.jpg,N
2413,53,Female,0,2413_left.jpg,N
2414,60,Female,0,2414_left.jpg,N
2415,66,Female,0,2415_left.jpg,N
2416,72,Female,0,2416_left.jpg,N
2417,51,Male,0,2417_left.jpg,N
2418,40,Female,0,2418_left.jpg,N
2419,69,Female,0,2419_left.jpg,N
2420,64,Male,0,2420_left.jpg,N
2421,51,Female,0,2421_left.jpg,N
2422,63,Female,0,2422_left.jpg,N
2423,32,Female,0,2423_left.jpg,N
2424,58,Female,0,2424_left.jpg,N
2425,68,Male,0,2425_left.jpg,N
2426,54,Female,0,2426_left.jpg,N
2427,51,Female,0,2427_left.jpg,N
2428,76,Male,0,2428_left.jpg,N
2429,68,Female,0,2429_left.jpg,N
2430,45,Female,0,2430_left.jpg,N
2431,51,Female,0,2431_left.jpg,N
2432,45,Female,0,2432_left.jpg,N
2433,33,Female,0,2433_left.jpg,N
2434,54,Male,0,2434_left.jpg,N
2435,28,Male,0,2435_left.jpg,N
2436,42,Male,0,2436_left.jpg,N
2437,74,Male,0,2437_left.jpg,N
2438,56,Female,0,2438_left.jpg,N
2439,58,Male,0,2439_left.jpg,N
2440,59,Female,0,2440_left.jpg,N
2441,60,Female,0,2441_left.jpg,N
2442,54,Male,0,2442_left.jpg,N
2443,46,Male,0,2443_left.jpg,N
2444,65,Female,0,2444_left.jpg,N
2445,58,Male,0,2445_left.jpg,N
2446,53,Male,0,2446_left.jpg,N
2447,34,Female,0,2447_left.jpg,N
2448,56,Male,0,2448_left.jpg,N
2449,48,Female,0,2449_left.jpg,N
2451,67,Male,0,2451_left.jpg,N
2452,58,Male,0,2452_left.jpg,N
2454,65,Female,0,2454_left.jpg,N
2456,48,Male,0,2456_left.jpg,N
2457,69,Male,0,2457_left.jpg,N
2458,52,Female,0,2458_left.jpg,N
2459,39,Female,0,2459_left.jpg,N
2460,66,Female,0,2460_left.jpg,N
2461,66,Male,0,2461_left.jpg,N
2462,53,Male,0,2462_left.jpg,N
2463,41,Female,0,2463_left.jpg,N
2465,62,Female,0,2465_left.jpg,N
2466,70,Male,0,2466_left.jpg,N
2467,69,Female,0,2467_left.jpg,N
2469,74,Female,0,2469_left.jpg,N
2470,46,Female,0,2470_left.jpg,N
2471,56,Female,0,2471_left.jpg,N
2472,60,Female,0,2472_left.jpg,N
2473,31,Male,0,2473_left.jpg,N
2474,58,Female,0,2474_left.jpg,N
2475,53,Male,0,2475_left.jpg,N
2476,70,Female,0,2476_left.jpg,N
2477,47,Male,0,2477_left.jpg,N
2478,56,Female,0,2478_left.jpg,N
2479,40,Female,0,2479_left.jpg,N
2480,63,Female,0,2480_left.jpg,N
2481,55,Male,0,2481_left.jpg,N
2482,64,Male,0,2482_left.jpg,N
2483,33,Male,0,2483_left.jpg,N
2484,60,Male,0,2484_left.jpg,N
2485,56,Female,0,2485_left.jpg,N
2486,50,Female,0,2486_left.jpg,N
2487,63,Male,0,2487_left.jpg,N
2488,48,Female,0,2488_left.jpg,N
2489,50,Male,0,2489_left.jpg,N
2490,60,Male,0,2490_left.jpg,N
2492,43,Male,0,2492_left.jpg,N
2493,40,Male,0,2493_left.jpg,N
2497,45,Male,0,2497_left.jpg,N
2498,59,Female,0,2498_left.jpg,N
2499,74,Female,0,2499_left.jpg,N
2500,35,Male,0,2500_left.jpg,N
2501,50,Male,0,2501_left.jpg,N
2502,40,Male,0,2502_left.jpg,N
2503,64,Female,0,2503_left.jpg,N
2504,65,Female,0,2504_left.jpg,N
2505,55,Female,0,2505_left.jpg,N
2506,66,Female,0,2506_left.jpg,N
2507,43,Male,0,2507_left.jpg,N
2508,74,Male,0,2508_left.jpg,N
2509,72,Female,0,2509_left.jpg,N
2510,66,Male,0,2510_left.jpg,N
2511,53,Male,0,2511_left.jpg,N
2512,50,Male,0,2512_left.jpg,N
2513,69,Male,0,2513_left.jpg,N
2514,62,Male,0,2514_left.jpg,N
2515,39,Male,0,2515_left.jpg,N
2516,65,Female,0,2516_left.jpg,N
2517,69,Male,0,2517_left.jpg,N
2518,56,Male,0,2518_left.jpg,N
2519,61,Female,0,2519_left.jpg,N
2520,69,Male,0,2520_left.jpg,N
2521,78,Female,0,2521_left.jpg,N
2522,60,Male,0,2522_left.jpg,N
2523,53,Male,0,2523_left.jpg,N
2524,59,Male,0,2524_left.jpg,N
2525,34,Male,0,2525_left.jpg,N
2526,62,Female,0,2526_left.jpg,N
2527,70,Female,0,2527_left.jpg,N
2528,37,Male,0,2528_left.jpg,N
2529,59,Female,0,2529_left.jpg,N
2530,55,Male,0,2530_left.jpg,N
2531,44,Male,0,2531_left.jpg,N
2532,56,Female,0,2532_left.jpg,N
2533,56,Female,0,2533_left.jpg,N
2534,76,Male,0,2534_left.jpg,N
2535,60,Female,0,2535_left.jpg,N
2537,56,Male,0,2537_left.jpg,N
2538,58,Male,0,2538_left.jpg,N
2539,52,Female,0,2539_left.jpg,N
2540,64,Male,0,2540_left.jpg,N
2541,58,Male,0,2541_left.jpg,N
2542,73,Male,0,2542_left.jpg,N
2543,49,Male,0,2543_left.jpg,N
2544,57,Male,0,2544_left.jpg,N
2545,46,Male,0,2545_left.jpg,N
2546,37,Male,0,2546_left.jpg,N
2547,59,Male,0,2547_left.jpg,N
2548,49,Male,0,2548_left.jpg,N
2549,46,Male,0,2549_left.jpg,N
2551,63,Female,0,2551_left.jpg,N
2552,73,Male,0,2552_left.jpg,N
2553,54,Female,0,2553_left.jpg,N
2554,57,Male,0,2554_left.jpg,N
2555,51,Male,0,2555_left.jpg,N
2556,62,Male,0,2556_left.jpg,N
2557,79,Male,0,2557_left.jpg,N
2558,65,Male,0,2558_left.jpg,N
2559,52,Male,0,2559_left.jpg,N
2560,38,Male,0,2560_left.jpg,N
2561,32,Male,0,2561_left.jpg,N
2562,41,Female,0,2562_left.jpg,N
2563,49,Male,0,2563_left.jpg,N
2564,60,Female,0,2564_left.jpg,N
2565,59,Female,0,2565_left.jpg,N
2566,62,Female,0,2566_left.jpg,N
2567,47,Male,0,2567_left.jpg,N
2568,65,Female,0,2568_left.jpg,N
2569,68,Female,0,2569_left.jpg,N
2570,53,Male,0,2570_left.jpg,N
2572,48,Female,0,2572_left.jpg,N
2573,61,Male,0,2573_left.jpg,N
2574,54,Female,0,2574_left.jpg,N
2575,47,Female,0,2575_left.jpg,N
2576,67,Male,0,2576_left.jpg,N
2577,60,Male,0,2577_left.jpg,N
2579,41,Male,0,2579_left.jpg,N
2581,54,Female,0,2581_left.jpg,N
2583,66,Male,0,2583_left.jpg,N
2584,62,Female,0,2584_left.jpg,N
2585,56,Male,0,2585_left.jpg,N
2586,53,Female,0,2586_left.jpg,N
2587,46,Male,0,2587_left.jpg,N
2588,75,Male,0,2588_left.jpg,N
2590,50,Female,0,2590_left.jpg,N
2591,41,Male,0,2591_left.jpg,N
2592,38,Male,0,2592_left.jpg,N
2593,66,Female,0,2593_left.jpg,N
2594,61,Male,0,2594_left.jpg,N
2595,75,Male,0,2595_left.jpg,N
2596,63,Female,0,2596_left.jpg,N
2597,61,Male,0,2597_left.jpg,N
2598,67,Male,0,2598_left.jpg,N
2599,61,Male,0,2599_left.jpg,N
2600,57,Male,0,2600_left.jpg,N
2601,67,Male,0,2601_left.jpg,N
2602,52,Female,0,2602_left.jpg,N
2603,45,Male,0,2603_left.jpg,N
2604,64,Female,0,2604_left.jpg,N
2605,64,Male,0,2605_left.jpg,N
2608,54,Female,0,2608_left.jpg,N
2609,66,Male,0,2609_left.jpg,N
2610,46,Female,0,2610_left.jpg,N
2612,56,Male,0,2612_left.jpg,N
2613,64,Male,0,2613_left.jpg,N
2614,56,Male,0,2614_left.jpg,N
2615,72,Female,0,2615_left.jpg,N
2616,52,Female,0,2616_left.jpg,N
2617,65,Male,0,2617_left.jpg,N
2618,58,Male,0,2618_left.jpg,N
2619,73,Female,0,2619_left.jpg,N
2621,72,Male,0,2621_left.jpg,N
2622,59,Male,0,2622_left.jpg,N
2623,45,Female,0,2623_left.jpg,N
2624,56,Male,0,2624_left.jpg,N
2625,51,Male,0,2625_left.jpg,N
2626,55,Female,0,2626_left.jpg,N
2627,64,Female,0,2627_left.jpg,N
2628,48,Male,0,2628_left.jpg,N
2630,43,Male,0,2630_left.jpg,N
2631,52,Male,0,2631_left.jpg,N
2632,63,Male,0,2632_left.jpg,N
2633,62,Female,0,2633_left.jpg,N
2634,87,Female,0,2634_left.jpg,N
2635,55,Female,0,2635_left.jpg,N
2636,51,Female,0,2636_left.jpg,N
2637,60,Female,0,2637_left.jpg,N
2638,48,Male,0,2638_left.jpg,N
2639,65,Female,0,2639_left.jpg,N
2640,49,Male,0,2640_left.jpg,N
2641,32,Female,0,2641_left.jpg,N
2642,25,Male,0,2642_left.jpg,N
2643,28,Male,0,2643_left.jpg,N
2644,41,Male,0,2644_left.jpg,N
2645,51,Female,0,2645_left.jpg,N
2646,50,Female,0,2646_left.jpg,N
2647,43,Male,0,2647_left.jpg,N
2649,66,Male,0,2649_left.jpg,N
2650,51,Female,0,2650_left.jpg,N
2651,55,Female,0,2651_left.jpg,N
2652,49,Female,0,2652_left.jpg,N
2653,31,Male,0,2653_left.jpg,N
2654,76,Male,0,2654_left.jpg,N
2655,64,Male,0,2655_left.jpg,N
2657,56,Female,0,2657_left.jpg,N
2658,48,Male,0,2658_left.jpg,N
2659,56,Male,0,2659_left.jpg,N
2660,66,Female,0,2660_left.jpg,N
2661,45,Female,0,2661_left.jpg,N
2662,49,Female,0,2662_left.jpg,N
2663,61,Male,0,2663_left.jpg,N
2664,61,Male,0,2664_left.jpg,N
2665,63,Male,0,2665_left.jpg,N
2666,61,Male,0,2666_left.jpg,N
2667,68,Female,0,2667_left.jpg,N
2668,45,Male,0,2668_left.jpg,N
2669,50,Male,0,2669_left.jpg,N
2670,75,Male,0,2670_left.jpg,N
2671,67,Male,0,2671_left.jpg,N
2672,28,Female,0,2672_left.jpg,N
2673,65,Male,0,2673_left.jpg,N
2675,49,Male,0,2675_left.jpg,N
2677,89,Female,0,2677_left.jpg,N
2678,67,Female,0,2678_left.jpg,N
2679,51,Female,0,2679_left.jpg,N
2680,51,Female,0,2680_left.jpg,N
2681,66,Female,0,2681_left.jpg,N
2682,54,Male,0,2682_left.jpg,N
2683,57,Male,0,2683_left.jpg,N
2684,59,Female,0,2684_left.jpg,N
2685,57,Male,0,2685_left.jpg,N
2687,52,Male,0,2687_left.jpg,N
2688,47,Male,0,2688_left.jpg,N
2689,41,Female,0,2689_left.jpg,N
2690,34,Female,0,2690_left.jpg,N
2691,54,Female,0,2691_left.jpg,N
2692,88,Female,0,2692_left.jpg,N
2693,35,Female,0,2693_left.jpg,N
2695,63,Male,0,2695_left.jpg,N
2696,50,Male,0,2696_left.jpg,N
2697,53,Female,0,2697_left.jpg,N
2698,74,Female,0,2698_left.jpg,N
2699,65,Female,0,2699_left.jpg,N
2701,56,Female,0,2701_left.jpg,N
2702,53,Female,0,2702_left.jpg,N
2703,70,Male,0,2703_left.jpg,N
2704,67,Male,0,2704_left.jpg,N
2705,42,Female,0,2705_left.jpg,N
2706,56,Male,0,2706_left.jpg,N
2707,60,Female,0,2707_left.jpg,N
2708,59,Female,0,2708_left.jpg,N
2709,47,Male,0,2709_left.jpg,N
2710,52,Male,0,2710_left.jpg,N
2711,53,Female,0,2711_left.jpg,N
2712,60,Male,0,2712_left.jpg,N
2713,57,Male,0,2713_left.jpg,N
2714,55,Male,0,2714_left.jpg,N
2715,57,Female,0,2715_left.jpg,N
2716,62,Female,0,2716_left.jpg,N
2717,59,Male,0,2717_left.jpg,N
2718,45,Male,0,2718_left.jpg,N
2719,67,Female,0,2719_left.jpg,N
2720,65,Female,0,2720_left.jpg,N
2721,46,Female,0,2721_left.jpg,N
2722,64,Female,0,2722_left.jpg,N
2723,48,Male,0,2723_left.jpg,N
2724,75,Male,0,2724_left.jpg,N
2725,47,Male,0,2725_left.jpg,N
2726,48,Female,0,2726_left.jpg,N
2727,66,Male,0,2727_left.jpg,N
2728,36,Female,0,2728_left.jpg,N
2729,62,Female,0,2729_left.jpg,N
2730,50,Female,0,2730_left.jpg,N
2731,69,Female,0,2731_left.jpg,N
2732,43,Female,0,2732_left.jpg,N
2733,56,Male,0,2733_left.jpg,N
2735,51,Male,0,2735_left.jpg,N
2736,70,Male,0,2736_left.jpg,N
2738,55,Male,0,2738_left.jpg,N
2740,55,Male,0,2740_left.jpg,N
2742,53,Female,0,2742_left.jpg,N
2743,55,Male,0,2743_left.jpg,N
2744,40,Male,0,2744_left.jpg,N
2745,48,Male,0,2745_left.jpg,N
2746,62,Male,0,2746_left.jpg,N
2747,40,Male,0,2747_left.jpg,N
2748,55,Female,0,2748_left.jpg,N
2749,54,Female,0,2749_left.jpg,N
2750,59,Male,0,2750_left.jpg,N
2753,70,Male,0,2753_left.jpg,N
2754,51,Male,0,2754_left.jpg,N
2755,61,Male,0,2755_left.jpg,N
2757,58,Male,0,2757_left.jpg,N
2758,57,Male,0,2758_left.jpg,N
2760,62,Male,0,2760_left.jpg,N
2761,53,Female,0,2761_left.jpg,N
2762,53,Male,0,2762_left.jpg,N
2763,47,Male,0,2763_left.jpg,N
2764,48,Female,0,2764_left.jpg,N
2765,65,Male,0,2765_left.jpg,N
2766,37,Female,0,2766_left.jpg,N
2767,59,Male,0,2767_left.jpg,N
2768,67,Male,0,2768_left.jpg,N
2769,55,Female,0,2769_left.jpg,N
2770,59,Female,0,2770_left.jpg,N
2771,48,Female,0,2771_left.jpg,N
2772,41,Male,0,2772_left.jpg,N
2773,71,Female,0,2773_left.jpg,N
2774,71,Female,0,2774_left.jpg,N
2775,66,Male,0,2775_left.jpg,N
2776,54,Male,0,2776_left.jpg,N
2777,78,Female,0,2777_left.jpg,N
2778,56,Female,0,2778_left.jpg,N
2779,44,Male,0,2779_left.jpg,N
2780,57,Male,0,2780_left.jpg,N
2781,56,Female,0,2781_left.jpg,N
2782,64,Female,0,2782_left.jpg,N
2783,51,Female,0,2783_left.jpg,N
2784,74,Female,0,2784_left.jpg,N
2785,52,Male,0,2785_left.jpg,N
2786,61,Male,0,2786_left.jpg,N
2787,41,Female,0,2787_left.jpg,N
2788,58,Female,0,2788_left.jpg,N
2789,54,Female,0,2789_left.jpg,N
2790,61,Male,0,2790_left.jpg,N
2791,77,Male,0,2791_left.jpg,N
2792,54,Male,0,2792_left.jpg,N
2793,70,Male,0,2793_left.jpg,N
2794,56,Male,0,2794_left.jpg,N
2795,78,Female,0,2795_left.jpg,N
2796,48,Male,0,2796_left.jpg,N
2797,59,Male,0,2797_left.jpg,N
2798,60,Male,0,2798_left.jpg,N
2799,53,Male,0,2799_left.jpg,N
2800,63,Female,0,2800_left.jpg,N
2801,70,Female,0,2801_left.jpg,N
2802,65,Male,0,2802_left.jpg,N
2803,71,Male,0,2803_left.jpg,N
2804,60,Male,0,2804_left.jpg,N
2805,49,Male,0,2805_left.jpg,N
2806,75,Female,0,2806_left.jpg,N
2807,54,Male,0,2807_left.jpg,N
2808,25,Male,0,2808_left.jpg,N
2809,60,Female,0,2809_left.jpg,N
2810,48,Female,0,2810_left.jpg,N
2811,47,Female,0,2811_left.jpg,N
2812,63,Female,0,2812_left.jpg,N
2813,65,Female,0,2813_left.jpg,N
2814,62,Male,0,2814_left.jpg,N
2815,74,Male,0,2815_left.jpg,N
2816,55,Male,0,2816_left.jpg,N
2817,57,Male,0,2817_left.jpg,N
2818,49,Male,0,2818_left.jpg,N
2819,74,Female,0,2819_left.jpg,N
2820,59,Female,0,2820_left.jpg,N
2821,47,Female,0,2821_left.jpg,N
2822,64,Female,0,2822_left.jpg,N
2823,59,Male,0,2823_left.jpg,N
2824,60,Male,0,2824_left.jpg,N
2825,64,Female,0,2825_left.jpg,N
2826,54,Male,0,2826_left.jpg,N
2827,66,Male,0,2827_left.jpg,N
2828,60,Male,0,2828_left.jpg,N
2829,47,Male,0,2829_left.jpg,N
2830,60,Female,0,2830_left.jpg,N
2831,76,Female,0,2831_left.jpg,N
2832,63,Male,0,2832_left.jpg,N
2833,84,Female,0,2833_left.jpg,N
2834,59,Female,0,2834_left.jpg,N
2835,56,Female,0,2835_left.jpg,N
2836,53,Male,0,2836_left.jpg,N
2837,49,Male,0,2837_left.jpg,N
2838,52,Male,0,2838_left.jpg,N
2839,47,Male,0,2839_left.jpg,N
2841,78,Male,0,2841_left.jpg,N
2842,45,Female,0,2842_left.jpg,N
2843,60,Male,0,2843_left.jpg,N
2844,50,Male,0,2844_left.jpg,N
2845,50,Male,0,2845_left.jpg,N
2846,87,Male,0,2846_left.jpg,N
2847,57,Male,0,2847_left.jpg,N
2848,61,Female,0,2848_left.jpg,N
2849,50,Female,0,2849_left.jpg,N
2850,44,Male,0,2850_left.jpg,N
2852,64,Male,0,2852_left.jpg,N
2853,69,Female,0,2853_left.jpg,N
2854,28,Male,0,2854_left.jpg,N
2855,45,Female,0,2855_left.jpg,N
2856,59,Male,0,2856_left.jpg,N
2857,55,Female,0,2857_left.jpg,N
2858,50,Female,0,2858_left.jpg,N
2859,69,Male,0,2859_left.jpg,N
2860,66,Female,0,2860_left.jpg,N
2861,78,Male,0,2861_left.jpg,N
2862,51,Female,0,2862_left.jpg,N
2864,65,Male,0,2864_left.jpg,N
2865,63,Female,0,2865_left.jpg,N
2866,58,Male,0,2866_left.jpg,N
2867,51,Male,0,2867_left.jpg,N
2868,53,Female,0,2868_left.jpg,N
2869,47,Male,0,2869_left.jpg,N
2871,57,Male,0,2871_left.jpg,N
2872,72,Male,0,2872_left.jpg,N
2873,35,Male,0,2873_left.jpg,N
2874,45,Male,0,2874_left.jpg,N
2876,67,Female,0,2876_left.jpg,N
2877,43,Female,0,2877_left.jpg,N
2878,56,Female,0,2878_left.jpg,N
2879,53,Male,0,2879_left.jpg,N
2880,49,Male,0,2880_left.jpg,N
2881,66,Male,0,2881_left.jpg,N
2882,48,Male,0,2882_left.jpg,N
2883,72,Male,0,2883_left.jpg,N
2884,82,Female,0,2884_left.jpg,N
2885,56,Female,0,2885_left.jpg,N
2886,66,Male,0,2886_left.jpg,N
2887,49,Female,0,2887_left.jpg,N
2888,14,Female,0,2888_left.jpg,N
2889,61,Female,0,2889_left.jpg,N
2890,53,Female,0,2890_left.jpg,N
2892,72,Male,0,2892_left.jpg,N
2895,33,Male,0,2895_left.jpg,N
2896,62,Female,0,2896_left.jpg,N
2897,66,Male,0,2897_left.jpg,N
2898,54,Male,0,2898_left.jpg,N
2899,55,Female,0,2899_left.jpg,N
2900,65,Male,0,2900_left.jpg,N
2901,59,Male,0,2901_left.jpg,N
2902,60,Male,0,2902_left.jpg,N
2903,19,Male,0,2903_left.jpg,N
2904,26,Male,0,2904_left.jpg,N
2905,38,Female,0,2905_left.jpg,N
2906,58,Male,0,2906_left.jpg,N
2907,58,Male,0,2907_left.jpg,N
2908,55,Female,0,2908_left.jpg,N
2909,70,Female,0,2909_left.jpg,N
2910,75,Male,0,2910_left.jpg,N
2911,66,Female,0,2911_left.jpg,N
2912,40,Male,0,2912_left.jpg,N
2913,68,Male,0,2913_left.jpg,N
2914,44,Female,0,2914_left.jpg,N
2915,61,Female,0,2915_left.jpg,N
2916,61,Male,0,2916_left.jpg,N
2917,48,Male,0,2917_left.jpg,N
2918,75,Male,0,2918_left.jpg,N
2919,63,Male,0,2919_left.jpg,N
2920,74,Female,0,2920_left.jpg,N
2921,60,Male,0,2921_left.jpg,N
2923,46,Male,0,2923_left.jpg,N
2924,57,Male,0,2924_left.jpg,N
2925,65,Male,0,2925_left.jpg,N
2926,52,Female,0,2926_left.jpg,N
2927,56,Male,0,2927_left.jpg,N
2929,65,Female,0,2929_left.jpg,N
2931,67,Male,0,2931_left.jpg,N
2932,56,Male,0,2932_left.jpg,N
2933,50,Female,0,2933_left.jpg,N
2934,43,Male,0,2934_left.jpg,N
2935,61,Female,0,2935_left.jpg,N
2936,42,Male,0,2936_left.jpg,N
2937,85,Female,0,2937_left.jpg,N
2938,56,Female,0,2938_left.jpg,N
2939,53,Male,0,2939_left.jpg,N
2940,35,Female,0,2940_left.jpg,N
2941,55,Male,0,2941_left.jpg,N
2942,73,Male,0,2942_left.jpg,N
2943,45,Female,0,2943_left.jpg,N
2944,64,Female,0,2944_left.jpg,N
2945,65,Male,0,2945_left.jpg,N
2946,64,Female,0,2946_left.jpg,N
2948,60,Male,0,2948_left.jpg,N
2949,33,Male,0,2949_left.jpg,N
2950,45,Male,0,2950_left.jpg,N
2951,54,Male,0,2951_left.jpg,N
2952,69,Female,0,2952_left.jpg,N
2953,47,Male,0,2953_left.jpg,N
2954,51,Male,0,2954_left.jpg,N
2955,53,Female,0,2955_left.jpg,N
2956,49,Male,0,2956_left.jpg,N
2957,62,Female,0,2957_left.jpg,N
2958,61,Female,0,2958_left.jpg,N
2960,40,Male,0,2960_left.jpg,N
2961,64,Female,0,2961_left.jpg,N
2962,67,Female,0,2962_left.jpg,N
2963,72,Male,0,2963_left.jpg,N
2964,48,Male,0,2964_left.jpg,N
2965,59,Male,0,2965_left.jpg,N
2966,52,Male,0,2966_left.jpg,N
2967,62,Male,0,2967_left.jpg,N
2968,57,Female,0,2968_left.jpg,N
2969,69,Female,0,2969_left.jpg,N
2970,70,Female,0,2970_left.jpg,N
2971,39,Male,0,2971_left.jpg,N
2972,54,Female,0,2972_left.jpg,N
2973,63,Female,0,2973_left.jpg,N
2974,35,Female,0,2974_left.jpg,N
2975,71,Female,0,2975_left.jpg,N
2976,54,Female,0,2976_left.jpg,N
2977,64,Male,0,2977_left.jpg,N
2978,70,Male,0,2978_left.jpg,N
2979,53,Male,0,2979_left.jpg,N
2980,54,Male,0,2980_left.jpg,N
2981,68,Female,0,2981_left.jpg,N
2982,64,Female,0,2982_left.jpg,N
2983,42,Male,0,2983_left.jpg,N
2984,53,Male,0,2984_left.jpg,N
2985,61,Female,0,2985_left.jpg,N
2986,75,Male,0,2986_left.jpg,N
2987,66,Male,0,2987_left.jpg,N
2988,58,Female,0,2988_left.jpg,N
2989,44,Male,0,2989_left.jpg,N
2990,58,Female,0,2990_left.jpg,N
2991,30,Female,0,2991_left.jpg,N
2992,74,Male,0,2992_left.jpg,N
2993,49,Female,0,2993_left.jpg,N
2994,54,Male,0,2994_left.jpg,N
2995,53,Male,0,2995_left.jpg,N
2996,32,Female,0,2996_left.jpg,N
2997,55,Female,0,2997_left.jpg,N
2998,49,Male,0,2998_left.jpg,N
2999,63,Male,0,2999_left.jpg,N
3000,59,Female,0,3000_left.jpg,N
3001,46,Female,0,3001_left.jpg,N
3002,61,Female,0,3002_left.jpg,N
3003,59,Male,0,3003_left.jpg,N
3004,66,Male,0,3004_left.jpg,N
3005,67,Female,0,3005_left.jpg,N
3007,59,Female,0,3007_left.jpg,N
3008,54,Male,0,3008_left.jpg,N
3009,74,Female,0,3009_left.jpg,N
3010,65,Female,0,3010_left.jpg,N
3011,62,Male,0,3011_left.jpg,N
3012,72,Male,0,3012_left.jpg,N
3013,44,Male,0,3013_left.jpg,N
3014,55,Female,0,3014_left.jpg,N
3015,35,Male,0,3015_left.jpg,N
3016,46,Female,0,3016_left.jpg,N
3017,60,Male,0,3017_left.jpg,N
3018,45,Male,0,3018_left.jpg,N
3019,57,Male,0,3019_left.jpg,N
3020,45,Female,0,3020_left.jpg,N
3021,64,Male,0,3021_left.jpg,N
3023,64,Female,0,3023_left.jpg,N
3025,58,Female,0,3025_left.jpg,N
3026,66,Female,0,3026_left.jpg,N
3027,62,Male,0,3027_left.jpg,N
3028,51,Male,0,3028_left.jpg,N
3029,43,Female,0,3029_left.jpg,N
3030,66,Male,0,3030_left.jpg,N
3033,15,Male,0,3033_left.jpg,N
3034,48,Male,0,3034_left.jpg,N
3035,80,Female,0,3035_left.jpg,N
3036,58,Female,0,3036_left.jpg,N
3038,66,Male,0,3038_left.jpg,N
3040,54,Female,0,3040_left.jpg,N
3041,53,Male,0,3041_left.jpg,N
3042,66,Female,0,3042_left.jpg,N
3043,68,Female,0,3043_left.jpg,N
3044,60,Female,0,3044_left.jpg,N
3045,32,Female,0,3045_left.jpg,N
3047,62,Female,0,3047_left.jpg,N
3048,61,Male,0,3048_left.jpg,N
3049,46,Female,0,3049_left.jpg,N
3050,52,Male,0,3050_left.jpg,N
3051,56,Male,0,3051_left.jpg,N
3052,71,Female,0,3052_left.jpg,N
3054,65,Male,0,3054_left.jpg,N
3056,52,Male,0,3056_left.jpg,N
3057,55,Female,0,3057_left.jpg,N
3058,66,Male,0,3058_left.jpg,N
3059,61,Male,0,3059_left.jpg,N
3061,45,Male,0,3061_left.jpg,N
3062,83,Female,0,3062_left.jpg,N
3063,53,Male,0,3063_left.jpg,N
3064,62,Female,0,3064_left.jpg,N
3065,60,Male,0,3065_left.jpg,N
3066,65,Female,0,3066_left.jpg,N
3067,62,Female,0,3067_left.jpg,N
3068,58,Male,0,3068_left.jpg,N
3069,65,Female,0,3069_left.jpg,N
3070,66,Female,0,3070_left.jpg,N
3071,67,Male,0,3071_left.jpg,N
3072,59,Female,0,3072_left.jpg,N
3073,63,Female,0,3073_left.jpg,N
3074,74,Male,0,3074_left.jpg,N
3075,35,Male,0,3075_left.jpg,N
3076,59,Female,0,3076_left.jpg,N
3077,52,Male,0,3077_left.jpg,N
3078,53,Male,0,3078_left.jpg,N
3079,66,Female,0,3079_left.jpg,N
3080,76,Male,0,3080_left.jpg,N
3081,67,Female,0,3081_left.jpg,N
3082,64,Male,0,3082_left.jpg,N
3083,66,Male,0,3083_left.jpg,N
3084,46,Male,0,3084_left.jpg,N
3085,60,Female,0,3085_left.jpg,N
3086,45,Male,0,3086_left.jpg,N
3087,54,Female,0,3087_left.jpg,N
3088,63,Female,0,3088_left.jpg,N
3089,56,Male,0,3089_left.jpg,N
3090,50,Male,0,3090_left.jpg,N
3091,24,Male,0,3091_left.jpg,N
3092,44,Female,0,3092_left.jpg,N
3093,73,Female,0,3093_left.jpg,N
3094,47,Male,0,3094_left.jpg,N
3095,74,Male,0,3095_left.jpg,N
3096,71,Female,0,3096_left.jpg,N
3097,58,Male,0,3097_left.jpg,N
3098,22,Female,0,3098_left.jpg,N
3099,61,Female,0,3099_left.jpg,N
3100,57,Male,0,3100_left.jpg,N
3101,59,Male,0,3101_left.jpg,N
3102,43,Male,0,3102_left.jpg,N
3103,78,Male,0,3103_left.jpg,N
3104,63,Male,0,3104_left.jpg,N
3105,60,Female,0,3105_left.jpg,N
3106,48,Male,0,3106_left.jpg,N
3107,44,Male,0,3107_left.jpg,N
3108,62,Female,0,3108_left.jpg,N
3109,69,Male,0,3109_left.jpg,N
3110,52,Male,0,3110_left.jpg,N
3111,60,Male,0,3111_left.jpg,N
3112,62,Male,0,3112_left.jpg,N
3113,63,Male,0,3113_left.jpg,N
3114,35,Male,0,3114_left.jpg,N
3115,62,Female,0,3115_left.jpg,N
3116,68,Female,0,3116_left.jpg,N
3117,55,Male,0,3117_left.jpg,N
3119,67,Female,0,3119_left.jpg,N
3120,67,Male,0,3120_left.jpg,N
3121,69,Male,0,3121_left.jpg,N
3122,49,Female,0,3122_left.jpg,N
3123,66,Female,0,3123_left.jpg,N
3124,39,Female,0,3124_left.jpg,N
3125,52,Male,0,3125_left.jpg,N
3126,41,Male,0,3126_left.jpg,N
3127,58,Female,0,3127_left.jpg,N
3128,43,Female,0,3128_left.jpg,N
3129,59,Male,0,3129_left.jpg,N
3130,75,Male,0,3130_left.jpg,N
3131,37,Male,0,3131_left.jpg,N
3132,54,Female,0,3132_left.jpg,N
3134,33,Male,0,3134_left.jpg,N
3135,45,Male,0,3135_left.jpg,N
3136,45,Male,0,3136_left.jpg,N
3137,46,Female,0,3137_left.jpg,N
3138,55,Male,0,3138_left.jpg,N
3139,54,Female,0,3139_left.jpg,N
3140,59,Male,0,3140_left.jpg,N
3141,47,Male,0,3141_left.jpg,N
3142,61,Male,0,3142_left.jpg,N
3143,66,Female,0,3143_left.jpg,N
3144,56,Female,0,3144_left.jpg,N
3145,57,Female,0,3145_left.jpg,N
3146,51,Female,0,3146_left.jpg,N
3147,55,Male,0,3147_left.jpg,N
3149,56,Male,0,3149_left.jpg,N
3150,44,Female,0,3150_left.jpg,N
3151,67,Female,0,3151_left.jpg,N
3152,62,Male,0,3152_left.jpg,N
3153,58,Female,0,3153_left.jpg,N
3154,55,Female,0,3154_left.jpg,N
3155,48,Female,0,3155_left.jpg,N
3156,67,Male,0,3156_left.jpg,N
3157,62,Female,0,3157_left.jpg,N
3159,62,Male,0,3159_left.jpg,N
3160,37,Male,0,3160_left.jpg,N
3161,64,Male,0,3161_left.jpg,N
3162,33,Male,0,3162_left.jpg,N
3163,45,Male,0,3163_left.jpg,N
3165,40,Male,0,3165_left.jpg,N
3166,43,Male,0,3166_left.jpg,N
3167,57,Female,0,3167_left.jpg,N
3168,53,Male,0,3168_left.jpg,N
3169,63,Male,0,3169_left.jpg,N
3170,69,Male,0,3170_left.jpg,N
3171,65,Male,0,3171_left.jpg,N
3172,68,Female,0,3172_left.jpg,N
3173,46,Male,0,3173_left.jpg,N
3174,66,Female,0,3174_left.jpg,N
3175,70,Female,0,3175_left.jpg,N
3176,64,Female,0,3176_left.jpg,N
3177,66,Female,0,3177_left.jpg,N
3178,61,Female,0,3178_left.jpg,N
3179,75,Male,0,3179_left.jpg,N
3180,61,Female,0,3180_left.jpg,N
3182,53,Female,0,3182_left.jpg,N
3183,52,Male,0,3183_left.jpg,N
3184,46,Male,0,3184_left.jpg,N
3185,63,Male,0,3185_left.jpg,N
3186,53,Male,0,3186_left.jpg,N
3187,43,Female,0,3187_left.jpg,N
3188,60,Female,0,3188_left.jpg,N
3189,62,Female,0,3189_left.jpg,N
3190,51,Male,0,3190_left.jpg,N
3191,57,Male,0,3191_left.jpg,N
3192,58,Male,0,3192_left.jpg,N
3193,54,Female,0,3193_left.jpg,N
3194,47,Male,0,3194_left.jpg,N
3195,66,Male,0,3195_left.jpg,N
3196,56,Male,0,3196_left.jpg,N
3197,45,Male,0,3197_left.jpg,N
3198,56,Male,0,3198_left.jpg,N
3199,36,Male,0,3199_left.jpg,N
3200,57,Male,0,3200_left.jpg,N
3201,46,Male,0,3201_left.jpg,N
3202,62,Male,0,3202_left.jpg,N
3203,74,Female,0,3203_left.jpg,N
3204,62,Male,0,3204_left.jpg,N
3205,60,Male,0,3205_left.jpg,N
3206,71,Male,0,3206_left.jpg,N
3207,47,Female,0,3207_left.jpg,N
3208,67,Male,0,3208_left.jpg,N
3209,62,Male,0,3209_left.jpg,N
3210,60,Female,0,3210_left.jpg,N
3211,35,Female,0,3211_left.jpg,N
3212,64,Male,0,3212_left.jpg,N
3213,65,Male,0,3213_left.jpg,N
3214,47,Male,0,3214_left.jpg,N
3215,64,Male,0,3215_left.jpg,N
3216,81,Male,0,3216_left.jpg,N
3217,47,Male,0,3217_left.jpg,N
3218,60,Male,0,3218_left.jpg,N
3219,69,Male,0,3219_left.jpg,N
3221,53,Male,0,3221_left.jpg,N
3222,60,Male,0,3222_left.jpg,N
3223,56,Male,0,3223_left.jpg,N
3224,53,Male,0,3224_left.jpg,N
3225,67,Male,0,3225_left.jpg,N
3226,63,Male,0,3226_left.jpg,N
3227,52,Male,0,3227_left.jpg,N
3228,56,Female,0,3228_left.jpg,N
3229,70,Male,0,3229_left.jpg,N
3230,57,Female,0,3230_left.jpg,N
3231,58,Female,0,3231_left.jpg,N
3232,59,Female,0,3232_left.jpg,N
3234,60,Male,0,3234_left.jpg,N
3235,53,Female,0,3235_left.jpg,N
3236,63,Male,0,3236_left.jpg,N
3237,55,Female,0,3237_left.jpg,N
3240,57,Female,0,3240_left.jpg,N
3241,42,Female,0,3241_left.jpg,N
3242,46,Male,0,3242_left.jpg,N
3243,56,Female,0,3243_left.jpg,N
3244,45,Female,0,3244_left.jpg,N
3245,72,Female,0,3245_left.jpg,N
3246,42,Male,0,3246_left.jpg,N
3247,64,Female,0,3247_left.jpg,N
3248,82,Female,0,3248_left.jpg,N
3249,56,Male,0,3249_left.jpg,N
3250,44,Male,0,3250_left.jpg,N
3251,66,Female,0,3251_left.jpg,N
3252,70,Female,0,3252_left.jpg,N
3253,64,Female,0,3253_left.jpg,N
3254,46,Male,0,3254_left.jpg,N
3255,63,Male,0,3255_left.jpg,N
3257,56,Male,0,3257_left.jpg,N
3258,64,Female,0,3258_left.jpg,N
3259,54,Female,0,3259_left.jpg,N
3260,57,Female,0,3260_left.jpg,N
3261,53,Male,0,3261_left.jpg,N
3262,57,Male,0,3262_left.jpg,N
3263,51,Female,0,3263_left.jpg,N
3264,63,Male,0,3264_left.jpg,N
3266,57,Female,0,3266_left.jpg,N
3267,37,Male,0,3267_left.jpg,N
3268,55,Female,0,3268_left.jpg,N
3269,61,Male,0,3269_left.jpg,N
3270,46,Male,0,3270_left.jpg,N
3271,42,Female,0,3271_left.jpg,N
3272,55,Female,0,3272_left.jpg,N
3273,53,Male,0,3273_left.jpg,N
3274,39,Female,0,3274_left.jpg,N
3275,59,Female,0,3275_left.jpg,N
3276,50,Male,0,3276_left.jpg,N
3281,58,Male,0,3281_left.jpg,N
3282,54,Female,0,3282_left.jpg,N
3283,63,Female,0,3283_left.jpg,N
3284,61,Male,0,3284_left.jpg,N
3285,54,Female,0,3285_left.jpg,N
3286,56,Male,0,3286_left.jpg,N
3287,56,Male,0,3287_left.jpg,N
3288,60,Male,0,3288_left.jpg,N
3289,60,Female,0,3289_left.jpg,N
3290,72,Male,0,3290_left.jpg,N
3291,61,Female,0,3291_left.jpg,N
3292,57,Female,0,3292_left.jpg,N
3293,46,Male,0,3293_left.jpg,N
3294,43,Female,0,3294_left.jpg,N
3295,54,Male,0,3295_left.jpg,N
3296,61,Male,0,3296_left.jpg,N
3297,65,Female,0,3297_left.jpg,N
3298,65,Male,0,3298_left.jpg,N
3299,57,Male,0,3299_left.jpg,N
3300,60,Female,0,3300_left.jpg,N
3301,46,Male,0,3301_left.jpg,N
3302,56,Male,0,3302_left.jpg,N
3303,29,Female,0,3303_left.jpg,N
3304,64,Female,0,3304_left.jpg,N
3305,86,Female,0,3305_left.jpg,N
3306,62,Male,0,3306_left.jpg,N
3307,78,Female,0,3307_left.jpg,N
3308,62,Female,0,3308_left.jpg,N
3309,56,Male,0,3309_left.jpg,N
3310,56,Male,0,3310_left.jpg,N
3311,49,Male,0,3311_left.jpg,N
3312,74,Male,0,3312_left.jpg,N
3313,60,Male,0,3313_left.jpg,N
3315,57,Male,0,3315_left.jpg,N
3316,70,Female,0,3316_left.jpg,N
3317,47,Male,0,3317_left.jpg,N
3318,57,Male,0,3318_left.jpg,N
3319,71,Female,0,3319_left.jpg,N
3321,58,Male,0,3321_left.jpg,N
3323,53,Female,0,3323_left.jpg,N
3324,41,Female,0,3324_left.jpg,N
3325,62,Male,0,3325_left.jpg,N
3326,52,Male,0,3326_left.jpg,N
3327,68,Male,0,3327_left.jpg,N
3328,51,Male,0,3328_left.jpg,N
3329,44,Male,0,3329_left.jpg,N
3330,49,Male,0,3330_left.jpg,N
3331,60,Female,0,3331_left.jpg,N
3332,80,Male,0,3332_left.jpg,N
3333,71,Male,0,3333_left.jpg,N
3334,66,Female,0,3334_left.jpg,N
3335,65,Female,0,3335_left.jpg,N
3336,62,Male,0,3336_left.jpg,N
3337,49,Male,0,3337_left.jpg,N
3338,54,Male,0,3338_left.jpg,N
3339,55,Female,0,3339_left.jpg,N
3340,53,Female,0,3340_left.jpg,N
3341,66,Female,0,3341_left.jpg,N
3342,60,Male,0,3342_left.jpg,N
3343,60,Female,0,3343_left.jpg,N
3344,55,Male,0,3344_left.jpg,N
3345,65,Female,0,3345_left.jpg,N
3347,63,Female,0,3347_left.jpg,N
3348,33,Male,0,3348_left.jpg,N
3350,30,Male,0,3350_left.jpg,N
3351,55,Female,0,3351_left.jpg,N
3352,57,Female,0,3352_left.jpg,N
3353,42,Female,0,3353_left.jpg,N
3354,76,Male,0,3354_left.jpg,N
3355,63,Female,0,3355_left.jpg,N
3356,47,Male,0,3356_left.jpg,N
3357,69,Male,0,3357_left.jpg,N
3358,71,Female,0,3358_left.jpg,N
3359,72,Female,0,3359_left.jpg,N
3360,49,Male,0,3360_left.jpg,N
3361,64,Male,0,3361_left.jpg,N
3362,55,Female,0,3362_left.jpg,N
3363,62,Female,0,3363_left.jpg,N
3364,56,Male,0,3364_left.jpg,N
3365,60,Male,0,3365_left.jpg,N
3366,54,Female,0,3366_left.jpg,N
3367,40,Male,0,3367_left.jpg,N
3368,55,Female,0,3368_left.jpg,N
3369,50,Female,0,3369_left.jpg,N
3370,50,Female,0,3370_left.jpg,N
3371,36,Male,0,3371_left.jpg,N
3372,74,Female,0,3372_left.jpg,N
3373,38,Male,0,3373_left.jpg,N
3374,55,Female,0,3374_left.jpg,N
3375,54,Male,0,3375_left.jpg,N
3376,53,Female,0,3376_left.jpg,N
3377,72,Male,0,3377_left.jpg,N
3378,55,Male,0,3378_left.jpg,N
3379,45,Female,0,3379_left.jpg,N
3380,60,Female,0,3380_left.jpg,N
3381,65,Female,0,3381_left.jpg,N
3382,59,Female,0,3382_left.jpg,N
3384,67,Male,0,3384_left.jpg,N
3385,43,Male,0,3385_left.jpg,N
3386,49,Male,0,3386_left.jpg,N
3387,56,Male,0,3387_left.jpg,N
3388,82,Female,0,3388_left.jpg,N
3389,49,Male,0,3389_left.jpg,N
3390,62,Female,0,3390_left.jpg,N
3391,46,Male,0,3391_left.jpg,N
3392,56,Male,0,3392_left.jpg,N
3393,67,Female,0,3393_left.jpg,N
3394,62,Female,0,3394_left.jpg,N
3395,45,Male,0,3395_left.jpg,N
3397,51,Male,0,3397_left.jpg,N
3398,48,Female,0,3398_left.jpg,N
3399,60,Female,0,3399_left.jpg,N
3400,53,Female,0,3400_left.jpg,N
3401,66,Male,0,3401_left.jpg,N
3403,59,Male,0,3403_left.jpg,N
3404,63,Female,0,3404_left.jpg,N
3405,52,Male,0,3405_left.jpg,N
3406,46,Female,0,3406_left.jpg,N
3407,52,Male,0,3407_left.jpg,N
3408,72,Male,0,3408_left.jpg,N
3409,57,Female,0,3409_left.jpg,N
3410,72,Male,0,3410_left.jpg,N
3411,61,Male,0,3411_left.jpg,N
3412,70,Female,0,3412_left.jpg,N
3414,62,Male,0,3414_left.jpg,N
3415,70,Female,0,3415_left.jpg,N
3416,65,Male,0,3416_left.jpg,N
3417,66,Male,0,3417_left.jpg,N
3418,50,Male,0,3418_left.jpg,N
3419,64,Male,0,3419_left.jpg,N
3420,55,Female,0,3420_left.jpg,N
3421,40,Male,0,3421_left.jpg,N
3422,75,Male,0,3422_left.jpg,N
3423,50,Male,0,3423_left.jpg,N
3424,24,Female,0,3424_left.jpg,N
3425,58,Male,0,3425_left.jpg,N
3426,73,Female,0,3426_left.jpg,N
3427,55,Female,0,3427_left.jpg,N
3428,60,Male,0,3428_left.jpg,N
3429,79,Male,0,3429_left.jpg,N
3430,53,Male,0,3430_left.jpg,N
3431,51,Female,0,3431_left.jpg,N
3432,76,Female,0,3432_left.jpg,N
3433,34,Male,0,3433_left.jpg,N
3434,56,Male,0,3434_left.jpg,N
3435,52,Female,0,3435_left.jpg,N
3436,58,Female,0,3436_left.jpg,N
3437,42,Female,0,3437_left.jpg,N
3438,67,Male,0,3438_left.jpg,N
3439,61,Female,0,3439_left.jpg,N
3440,63,Male,0,3440_left.jpg,N
3441,44,Male,0,3441_left.jpg,N
3442,49,Male,0,3442_left.jpg,N
3443,65,Male,0,3443_left.jpg,N
3444,34,Male,0,3444_left.jpg,N
3445,51,Male,0,3445_left.jpg,N
3446,56,Female,0,3446_left.jpg,N
3448,63,Male,0,3448_left.jpg,N
3450,59,Male,0,3450_left.jpg,N
3485,70,Male,0,3485_left.jpg,N
3932,50,Male,1,3932_left.jpg,D
3934,42,Male,1,3934_left.jpg,D
3936,50,Male,1,3936_left.jpg,DH
3937,57,Male,0,3937_left.jpg,D
3938,59,Female,1,3938_left.jpg,D
3939,59,Male,1,3939_left.jpg,DH
3940,42,Female,0,3940_left.jpg,D
3941,61,Male,1,3941_left.jpg,D
3943,54,Male,1,3943_left.jpg,D
3944,38,Female,1,3944_left.jpg,D
3945,51,Female,1,3945_left.jpg,D
3946,55,Male,1,3946_left.jpg,D
3947,62,Male,1,3947_left.jpg,D
3948,45,Male,1,3948_left.jpg,D
3949,67,Male,0,3949_left.jpg,D
3950,78,Male,1,3950_left.jpg,D
3951,54,Male,1,3951_left.jpg,DH
3952,56,Male,1,3952_left.jpg,D
3953,50,Male,1,3953_left.jpg,D
3954,58,Female,1,3954_left.jpg,D
3955,67,Male,1,3955_left.jpg,D
3956,42,Male,1,3956_left.jpg,D
3957,73,Male,1,3957_left.jpg,D
3958,64,Male,1,3958_left.jpg,D
3960,55,Male,1,3960_left.jpg,D
3961,46,Male,0,3961_left.jpg,D
3962,54,Female,1,3962_left.jpg,D
3965,72,Female,1,3965_left.jpg,D
3966,55,Female,1,3966_left.jpg,DH
3968,75,Female,1,3968_left.jpg,D
3969,34,Female,1,3969_left.jpg,D
3970,59,Female,0,3970_left.jpg,D
3971,64,Female,1,3971_left.jpg,D
3972,66,Male,1,3972_left.jpg,D
3973,45,Female,1,3973_left.jpg,D
3976,37,Male,1,3976_left.jpg,D
3977,43,Female,1,3977_left.jpg,D
3978,36,Male,1,3978_left.jpg,D
3979,54,Male,1,3979_left.jpg,DA
3980,42,Male,1,3980_left.jpg,D
3981,69,Female,1,3981_left.jpg,DH
3982,52,Male,1,3982_left.jpg,DH
3983,60,Female,0,3983_left.jpg,D
3984,55,Male,1,3984_left.jpg,D
3985,48,Female,1,3985_left.jpg,D
3986,69,Female,1,3986_left.jpg,DH
3987,52,Male,1,3987_left.jpg,D
3990,54,Male,1,3990_left.jpg,D
3991,69,Female,1,3991_left.jpg,D
3992,63,Male,1,3992_left.jpg,D
3993,52,Male,1,3993_left.jpg,D
3994,70,Female,1,3994_left.jpg,D
3995,45,Male,1,3995_left.jpg,D
3996,44,Female,1,3996_left.jpg,D
3997,58,Female,1,3997_left.jpg,D
3998,35,Male,1,3998_left.jpg,D
3999,54,Female,1,3999_left.jpg,D
4001,69,Female,1,4001_left.jpg,D
4002,67,Male,1,4002_left.jpg,D
4003,50,Male,1,4003_left.jpg,D
4005,62,Female,1,4005_left.jpg,D
4008,52,Male,1,4008_left.jpg,D
4009,60,Male,1,4009_left.jpg,D
4011,64,Male,1,4011_left.jpg,D
4012,56,Female,1,4012_left.jpg,DH
4013,46,Male,1,4013_left.jpg,D
4014,60,Female,1,4014_left.jpg,D
4015,65,Female,1,4015_left.jpg,D
4016,35,Female,1,4016_left.jpg,D
4018,67,Male,1,4018_left.jpg,D
4020,41,Female,1,4020_left.jpg,D
4021,52,Male,1,4021_left.jpg,D
4022,46,Female,1,4022_left.jpg,D
4023,65,Male,0,4023_left.jpg,D
4024,63,Female,0,4024_left.jpg,D
4025,34,Male,1,4025_left.jpg,D
4026,55,Male,0,4026_left.jpg,D
4027,67,Female,0,4027_left.jpg,D
4028,77,Male,1,4028_left.jpg,D
4029,36,Female,1,4029_left.jpg,D
4030,49,Female,1,4030_left.jpg,D
4032,57,Male,1,4032_left.jpg,D
4033,45,Male,1,4033_left.jpg,D
4034,41,Female,1,4034_left.jpg,D
4035,58,Male,1,4035_left.jpg,D
4036,56,Male,0,4036_left.jpg,D
4037,58,Male,1,4037_left.jpg,DH
4038,75,Female,0,4038_left.jpg,D
4039,58,Female,1,4039_left.jpg,D
4040,63,Male,1,4040_left.jpg,D
4041,57,Female,1,4041_left.jpg,D
4043,64,Male,1,4043_left.jpg,D
4044,62,Male,1,4044_left.jpg,D
4045,68,Female,1,4045_left.jpg,D
4046,45,Male,1,4046_left.jpg,D
4047,18,Female,1,4047_left.jpg,D
4048,54,Female,1,4048_left.jpg,D
4049,40,Male,1,4049_left.jpg,D
4050,62,Male,1,4050_left.jpg,D
4051,61,Female,1,4051_left.jpg,D
4052,55,Male,1,4052_left.jpg,D
4053,58,Male,1,4053_left.jpg,D
4054,63,Male,1,4054_left.jpg,D
4055,61,Male,1,4055_left.jpg,DH
4056,52,Female,0,4056_left.jpg,D
4057,42,Male,0,4057_left.jpg,D
4058,61,Male,0,4058_left.jpg,O
4059,69,Male,0,4059_left.jpg,D
4060,57,Male,0,4060_left.jpg,D
4061,59,Female,1,4061_left.jpg,D
4063,51,Female,1,4063_left.jpg,D
4064,46,Male,1,4064_left.jpg,D
4066,80,Female,1,4066_left.jpg,D
4067,54,Female,1,4067_left.jpg,D
4068,58,Male,1,4068_left.jpg,DA
4069,55,Male,0,4069_left.jpg,D
4071,51,Male,1,4071_left.jpg,D
4072,60,Female,1,4072_left.jpg,DH
4073,52,Male,1,4073_left.jpg,D
4074,67,Male,1,4074_left.jpg,D
4076,75,Female,0,4076_left.jpg,D
4077,45,Female,1,4077_left.jpg,DH
4078,64,Female,1,4078_left.jpg,D
4079,54,Female,0,4079_left.jpg,D
4080,44,Male,1,4080_left.jpg,D
4081,37,Female,1,4081_left.jpg,D
4082,71,Female,1,4082_left.jpg,D
4083,60,Male,1,4083_left.jpg,D
4084,49,Female,1,4084_left.jpg,D
4085,66,Male,1,4085_left.jpg,D
4086,64,Male,1,4086_left.jpg,D
4087,57,Male,1,4087_left.jpg,D
4088,42,Female,1,4088_left.jpg,DH
4089,58,Female,1,4089_left.jpg,D
4090,68,Female,1,4090_left.jpg,DH
4091,75,Male,1,4091_left.jpg,DO
4093,55,Male,1,4093_left.jpg,D
4094,65,Female,1,4094_left.jpg,D
4095,67,Male,1,4095_left.jpg,D
4096,61,Female,1,4096_left.jpg,D
4097,50,Female,1,4097_left.jpg,D
4098,57,Female,1,4098_left.jpg,D
4099,37,Female,1,4099_left.jpg,D
4100,60,Female,0,4100_left.jpg,D
4101,51,Male,1,4101_left.jpg,D
4102,54,Female,1,4102_left.jpg,D
4104,50,Male,1,4104_left.jpg,D
4105,46,Female,1,4105_left.jpg,D
4106,54,Female,0,4106_left.jpg,D
4107,48,Male,1,4107_left.jpg,D
4109,56,Male,1,4109_left.jpg,D
4110,67,Male,1,4110_left.jpg,D
4111,70,Male,0,4111_left.jpg,D
4112,60,Male,1,4112_left.jpg,D
4113,50,Male,1,4113_left.jpg,D
4114,66,Female,1,4114_left.jpg,D
4115,60,Male,1,4115_left.jpg,D
4116,45,Male,1,4116_left.jpg,D
4117,63,Female,0,4117_left.jpg,D
4118,50,Female,0,4118_left.jpg,D
4119,41,Male,1,4119_left.jpg,D
4120,61,Male,1,4120_left.jpg,DH
4121,53,Male,1,4121_left.jpg,D
4122,34,Female,1,4122_left.jpg,DH
4123,67,Female,1,4123_left.jpg,D
4124,43,Male,1,4124_left.jpg,D
4125,54,Male,1,4125_left.jpg,D
4126,64,Male,0,4126_left.jpg,D
4127,57,Female,1,4127_left.jpg,D
4128,59,Female,1,4128_left.jpg,D
4129,57,Female,5,4129_left.jpg,DH
4130,58,Female,0,4130_left.jpg,D
4131,56,Female,1,4131_left.jpg,D
4133,60,Male,1,4133_left.jpg,D
4134,57,Male,1,4134_left.jpg,D
4136,61,Male,1,4136_left.jpg,D
4137,48,Male,1,4137_left.jpg,D
4138,49,Male,1,4138_left.jpg,D
4139,61,Male,1,4139_left.jpg,D
4140,29,Male,1,4140_left.jpg,D
4141,70,Female,0,4141_left.jpg,D
4142,54,Male,1,4142_left.jpg,DH
4144,50,Female,1,4144_left.jpg,D
4146,57,Female,0,4146_left.jpg,D
4147,30,Male,1,4147_left.jpg,D
4148,48,Female,1,4148_left.jpg,D
4151,54,Female,1,4151_left.jpg,D
4152,66,Female,0,4152_left.jpg,D
4153,64,Female,0,4153_left.jpg,D
4154,63,Female,0,4154_left.jpg,D
4155,38,Female,1,4155_left.jpg,D
4156,36,Male,1,4156_left.jpg,D
4158,52,Male,1,4158_left.jpg,D
4159,57,Male,1,4159_left.jpg,D
4160,51,Male,1,4160_left.jpg,D
4161,55,Female,1,4161_left.jpg,D
4162,50,Female,1,4162_left.jpg,D
4163,46,Male,1,4163_left.jpg,D
4164,45,Male,1,4164_left.jpg,D
4166,36,Male,1,4166_left.jpg,D
4167,54,Male,0,4167_left.jpg,D
4168,65,Female,1,4168_left.jpg,D
4171,62,Female,1,4171_left.jpg,D
4172,59,Female,1,4172_left.jpg,D
4173,70,Male,1,4173_left.jpg,D
4174,66,Female,1,4174_left.jpg,D
4175,38,Male,1,4175_left.jpg,D
4176,52,Female,0,4176_left.jpg,D
4177,56,Male,1,4177_left.jpg,D
4178,27,Female,1,4178_left.jpg,D
4179,45,Male,1,4179_left.jpg,D
4180,63,Male,1,4180_left.jpg,D
4181,62,Female,1,4181_left.jpg,D
4182,53,Male,1,4182_left.jpg,D
4183,65,Male,1,4183_left.jpg,D
4184,57,Male,1,4184_left.jpg,D
4185,65,Female,1,4185_left.jpg,D
4186,46,Male,0,4186_left.jpg,D
4188,46,Male,1,4188_left.jpg,D
4190,48,Male,1,4190_left.jpg,D
4191,61,Female,1,4191_left.jpg,D
4192,65,Female,1,4192_left.jpg,D
4193,53,Female,0,4193_left.jpg,D
4194,50,Female,1,4194_left.jpg,D
4195,56,Male,1,4195_left.jpg,D
4196,62,Male,1,4196_left.jpg,D
4197,41,Female,0,4197_left.jpg,D
4198,58,Female,1,4198_left.jpg,D
4199,67,Female,1,4199_left.jpg,DH
4200,66,Female,0,4200_left.jpg,D
4201,45,Female,1,4201_left.jpg,D
4202,61,Female,5,4202_left.jpg,DH
4203,66,Female,0,4203_left.jpg,D
4204,47,Female,1,4204_left.jpg,D
4205,46,Female,1,4205_left.jpg,D
4206,55,Female,1,4206_left.jpg,D
4207,66,Female,1,4207_left.jpg,DH
4208,47,Male,0,4208_left.jpg,D
4209,62,Female,0,4209_left.jpg,D
4210,62,Female,1,4210_left.jpg,D
4211,45,Female,1,4211_left.jpg,D
4212,56,Female,1,4212_left.jpg,D
4213,52,Female,1,4213_left.jpg,D
4214,45,Male,1,4214_left.jpg,DH
4215,66,Male,1,4215_left.jpg,DH
4216,49,Female,1,4216_left.jpg,D
4217,39,Male,1,4217_left.jpg,D
4218,45,Male,0,4218_left.jpg,D
4219,63,Male,0,4219_left.jpg,O
4220,55,Female,1,4220_left.jpg,D
4221,65,Male,1,4221_left.jpg,D
4222,38,Male,1,4222_left.jpg,D
4223,65,Male,1,4223_left.jpg,D
4224,52,Female,0,4224_left.jpg,D
4225,53,Male,0,4225_left.jpg,D
4226,56,Female,1,4226_left.jpg,D
4227,66,Male,1,4227_left.jpg,D
4229,64,Male,0,4229_left.jpg,D
4230,67,Male,0,4230_left.jpg,D
4231,59,Female,0,4231_left.jpg,D
4232,26,Female,1,4232_left.jpg,D
4233,60,Female,1,4233_left.jpg,D
4234,43,Male,1,4234_left.jpg,D
4235,69,Female,1,4235_left.jpg,D
4236,48,Male,1,4236_left.jpg,D
4237,46,Male,1,4237_left.jpg,D
4238,69,Female,0,4238_left.jpg,D
4239,62,Male,1,4239_left.jpg,D
4240,50,Female,0,4240_left.jpg,D
4241,57,Male,1,4241_left.jpg,D
4242,62,Male,0,4242_left.jpg,D
4243,56,Female,1,4243_left.jpg,DO
4244,73,Male,1,4244_left.jpg,D
4245,56,Male,0,4245_left.jpg,D
4246,56,Female,1,4246_left.jpg,D
4247,56,Female,1,4247_left.jpg,D
4248,62,Female,1,4248_left.jpg,D
4249,66,Female,1,4249_left.jpg,D
4250,53,Female,1,4250_left.jpg,D
4251,49,Male,1,4251_left.jpg,D
4252,58,Male,1,4252_left.jpg,D
4253,58,Male,0,4253_left.jpg,D
4254,34,Male,1,4254_left.jpg,D
4255,75,Male,1,4255_left.jpg,D
4256,66,Female,1,4256_left.jpg,D
4258,41,Female,1,4258_left.jpg,D
4259,32,Male,1,4259_left.jpg,D
4260,46,Male,1,4260_left.jpg,D
4261,35,Male,0,4261_left.jpg,D
4262,60,Male,1,4262_left.jpg,D
4263,49,Female,1,4263_left.jpg,D
4265,65,Male,1,4265_left.jpg,D
4266,48,Male,1,4266_left.jpg,D
4267,64,Female,0,4267_left.jpg,D
4268,50,Male,1,4268_left.jpg,D
4269,61,Female,1,4269_left.jpg,D
4270,53,Female,1,4270_left.jpg,D
4271,54,Female,0,4271_left.jpg,D
4272,40,Female,1,4272_left.jpg,D
4273,32,Female,1,4273_left.jpg,D
4274,54,Female,1,4274_left.jpg,D
4275,69,Female,1,4275_left.jpg,D
4276,65,Female,1,4276_left.jpg,D
4277,64,Male,1,4277_left.jpg,D
4278,54,Male,1,4278_left.jpg,D
4279,47,Male,1,4279_left.jpg,D
4280,74,Female,1,4280_left.jpg,D
4281,60,Male,1,4281_left.jpg,D
4282,56,Female,1,4282_left.jpg,D
4283,61,Male,0,4283_left.jpg,D
4284,44,Male,1,4284_left.jpg,D
4285,44,Male,1,4285_left.jpg,D
4286,53,Male,1,4286_left.jpg,D
4287,54,Male,0,4287_left.jpg,D
4288,69,Female,0,4288_left.jpg,D
4289,46,Male,1,4289_left.jpg,D
4291,23,Male,1,4291_left.jpg,D
4292,67,Male,0,4292_left.jpg,D
4293,48,Female,1,4293_left.jpg,D
4294,57,Female,1,4294_left.jpg,D
4295,67,Female,1,4295_left.jpg,D
4296,61,Female,1,4296_left.jpg,D
4297,67,Female,0,4297_left.jpg,D
4298,59,Male,0,4298_left.jpg,D
4299,52,Female,1,4299_left.jpg,D
4300,49,Female,0,4300_left.jpg,D
4301,47,Female,1,4301_left.jpg,D
4302,44,Male,1,4302_left.jpg,D
4303,50,Male,1,4303_left.jpg,D
4304,70,Female,1,4304_left.jpg,D
4305,42,Male,1,4305_left.jpg,D
4306,70,Male,1,4306_left.jpg,D
4307,57,Male,1,4307_left.jpg,D
4308,48,Male,0,4308_left.jpg,D
4309,43,Male,0,4309_left.jpg,D
4310,56,Male,1,4310_left.jpg,D
4311,67,Female,1,4311_left.jpg,D
4312,54,Male,1,4312_left.jpg,D
4313,45,Female,1,4313_left.jpg,D
4314,64,Female,1,4314_left.jpg,D
4315,54,Male,1,4315_left.jpg,D
4316,36,Male,0,4316_left.jpg,D
4317,64,Male,1,4317_left.jpg,D
4318,55,Male,1,4318_left.jpg,D
4319,69,Male,1,4319_left.jpg,D
4320,56,Male,1,4320_left.jpg,D
4321,53,Male,1,4321_left.jpg,D
4322,45,Male,1,4322_left.jpg,D
4323,69,Male,1,4323_left.jpg,D
4324,53,Male,1,4324_left.jpg,D
4325,60,Male,0,4325_left.jpg,D
4326,66,Female,1,4326_left.jpg,D
4327,49,Male,1,4327_left.jpg,DH
4328,47,Male,1,4328_left.jpg,D
4329,58,Male,0,4329_left.jpg,D
4330,57,Female,0,4330_left.jpg,DA
4331,75,Male,1,4331_left.jpg,D
4332,43,Male,1,4332_left.jpg,D
4333,42,Male,0,4333_left.jpg,D
4334,49,Male,1,4334_left.jpg,D
4335,66,Female,1,4335_left.jpg,D
4336,54,Male,0,4336_left.jpg,D
4337,59,Female,1,4337_left.jpg,D
4338,54,Male,1,4338_left.jpg,D
4339,52,Male,1,4339_left.jpg,D
4340,49,Male,1,4340_left.jpg,D
4341,50,Male,1,4341_left.jpg,D
4342,59,Male,1,4342_left.jpg,D
4343,45,Male,0,4343_left.jpg,D
4344,46,Male,1,4344_left.jpg,D
4345,45,Male,1,4345_left.jpg,D
4347,60,Female,1,4347_left.jpg,D
4348,48,Female,0,4348_left.jpg,D
4349,46,Male,1,4349_left.jpg,D
4350,51,Female,1,4350_left.jpg,D
4351,38,Male,1,4351_left.jpg,D
4352,60,Female,0,4352_left.jpg,D
4353,47,Male,1,4353_left.jpg,D
4354,39,Male,1,4354_left.jpg,D
4355,52,Male,0,4355_left.jpg,D
4356,44,Female,1,4356_left.jpg,D
4357,68,Female,1,4357_left.jpg,D
4358,34,Male,1,4358_left.jpg,D
4359,51,Male,1,4359_left.jpg,D
4360,54,Female,0,4360_left.jpg,D
4361,62,Female,0,4361_left.jpg,D
4362,50,Female,1,4362_left.jpg,D
4365,62,Female,1,4365_left.jpg,D
4367,43,Female,1,4367_left.jpg,D
4368,38,Male,0,4368_left.jpg,D
4369,42,Female,1,4369_left.jpg,D
4371,58,Female,1,4371_left.jpg,D
4372,65,Male,1,4372_left.jpg,D
4373,65,Female,0,4373_left.jpg,D
4374,58,Female,0,4374_left.jpg,D
4375,57,Female,1,4375_left.jpg,D
4377,54,Female,0,4377_left.jpg,D
4379,59,Female,1,4379_left.jpg,D
4380,46,Male,1,4380_left.jpg,D
4381,56,Male,1,4381_left.jpg,D
4383,56,Female,1,4383_left.jpg,D
4384,58,Female,1,4384_left.jpg,D
4385,63,Female,1,4385_left.jpg,D
4386,54,Female,1,4386_left.jpg,D
4387,47,Female,0,4387_left.jpg,D
4388,50,Female,1,4388_left.jpg,D
4389,54,Male,1,4389_left.jpg,D
4391,47,Male,1,4391_left.jpg,D
4392,17,Male,0,4392_left.jpg,D
4393,50,Male,1,4393_left.jpg,D
4394,56,Male,1,4394_left.jpg,D
4395,60,Female,1,4395_left.jpg,D
4396,47,Male,1,4396_left.jpg,D
4397,46,Male,1,4397_left.jpg,D
4398,59,Male,1,4398_left.jpg,D
4399,62,Male,1,4399_left.jpg,D
4400,59,Male,1,4400_left.jpg,D
4401,78,Male,1,4401_left.jpg,D
4402,64,Male,1,4402_left.jpg,D
4403,56,Male,1,4403_left.jpg,D
4404,56,Male,1,4404_left.jpg,D
4406,63,Male,1,4406_left.jpg,D
4407,54,Male,1,4407_left.jpg,D
4408,59,Female,1,4408_left.jpg,D
4409,60,Male,1,4409_left.jpg,D
4410,45,Male,0,4410_left.jpg,D
4411,52,Female,1,4411_left.jpg,D
4412,65,Male,1,4412_left.jpg,D
4413,58,Male,1,4413_left.jpg,D
4414,73,Female,0,4414_left.jpg,D
4415,31,Male,1,4415_left.jpg,D
4417,52,Male,0,4417_left.jpg,D
4418,45,Male,1,4418_left.jpg,D
4419,65,Male,1,4419_left.jpg,D
4420,34,Female,1,4420_left.jpg,D
4421,59,Male,1,4421_left.jpg,D
4422,68,Female,0,4422_left.jpg,D
4424,41,Male,1,4424_left.jpg,D
4425,33,Female,1,4425_left.jpg,D
4426,58,Female,1,4426_left.jpg,D
4427,43,Male,1,4427_left.jpg,D
4428,57,Female,1,4428_left.jpg,D
4429,31,Male,1,4429_left.jpg,D
4430,75,Female,1,4430_left.jpg,D
4431,50,Male,1,4431_left.jpg,D
4432,49,Male,1,4432_left.jpg,D
4433,56,Female,1,4433_left.jpg,D
4436,49,Female,1,4436_left.jpg,D
4437,50,Male,1,4437_left.jpg,D
4438,56,Male,0,4438_left.jpg,D
4439,47,Male,1,4439_left.jpg,D
4440,60,Male,0,4440_left.jpg,D
4441,62,Male,1,4441_left.jpg,D
4443,49,Female,1,4443_left.jpg,D
4444,61,Male,1,4444_left.jpg,D
4445,35,Male,1,4445_left.jpg,DH
4447,42,Female,1,4447_left.jpg,D
4449,45,Male,1,4449_left.jpg,D
4450,53,Male,1,4450_left.jpg,D
4451,37,Male,1,4451_left.jpg,D
4452,48,Female,1,4452_left.jpg,D
4453,42,Female,1,4453_left.jpg,D
4455,65,Male,1,4455_left.jpg,D
4456,54,Female,1,4456_left.jpg,D
4458,65,Male,1,4458_left.jpg,D
4459,50,Female,0,4459_left.jpg,D
4461,57,Male,1,4461_left.jpg,D
4462,44,Male,1,4462_left.jpg,D
4464,51,Male,0,4464_left.jpg,D
4465,45,Female,0,4465_left.jpg,D
4466,59,Male,1,4466_left.jpg,D
4467,65,Female,1,4467_left.jpg,D
4468,65,Male,0,4468_left.jpg,D
4469,52,Male,0,4469_left.jpg,D
4470,43,Female,1,4470_left.jpg,D
4471,53,Female,1,4471_left.jpg,D
4472,66,Male,1,4472_left.jpg,D
4473,53,Female,1,4473_left.jpg,D
4474,53,Male,1,4474_left.jpg,D
4475,66,Male,0,4475_left.jpg,D
4476,61,Male,1,4476_left.jpg,D
4477,53,Male,1,4477_left.jpg,D
4478,51,Male,5,4478_left.jpg,DH
4479,55,Male,1,4479_left.jpg,D
4480,63,Female,1,4480_left.jpg,D
4481,51,Female,1,4481_left.jpg,D
4484,46,Female,1,4484_left.jpg,D
4486,78,Female,0,4486_left.jpg,D
4487,55,Female,0,4487_left.jpg,D
4488,45,Male,1,4488_left.jpg,D
4489,54,Female,0,4489_left.jpg,D
4491,43,Female,1,4491_left.jpg,D
4492,56,Male,1,4492_left.jpg,D
4493,39,Female,1,4493_left.jpg,D
4494,60,Male,1,4494_left.jpg,D
4495,58,Female,1,4495_left.jpg,D
4496,53,Female,0,4496_left.jpg,D
4497,52,Male,1,4497_left.jpg,D
4498,40,Male,1,4498_left.jpg,D
4499,46,Male,1,4499_left.jpg,D
4500,67,Female,0,4500_left.jpg,D
4502,48,Male,1,4502_left.jpg,D
4504,62,Female,1,4504_left.jpg,D
4506,56,Male,1,4506_left.jpg,D
4507,70,Female,1,4507_left.jpg,D
4508,53,Female,1,4508_left.jpg,D
4509,57,Male,1,4509_left.jpg,D
4511,39,Female,1,4511_left.jpg,D
4512,55,Male,0,4512_left.jpg,D
4513,54,Male,1,4513_left.jpg,D
4515,61,Male,1,4515_left.jpg,D
4516,73,Female,1,4516_left.jpg,D
4519,54,Female,1,4519_left.jpg,D
4520,60,Female,1,4520_left.jpg,D
4523,59,Male,0,4523_left.jpg,D
4524,73,Female,1,4524_left.jpg,D
4525,48,Male,1,4525_left.jpg,D
4527,49,Male,1,4527_left.jpg,D
4528,62,Male,1,4528_left.jpg,D
4529,52,Female,1,4529_left.jpg,D
4530,43,Male,1,4530_left.jpg,D
4531,48,Male,0,4531_left.jpg,D
4532,60,Male,1,4532_left.jpg,D
4533,49,Male,1,4533_left.jpg,D
4534,56,Male,1,4534_left.jpg,D
4535,59,Male,0,4535_left.jpg,D
4536,60,Female,1,4536_left.jpg,D
4538,44,Male,1,4538_left.jpg,D
4539,42,Female,1,4539_left.jpg,D
4540,43,Male,1,4540_left.jpg,D
4541,65,Female,1,4541_left.jpg,D
4542,54,Male,0,4542_left.jpg,D
4543,67,Male,1,4543_left.jpg,D
4544,42,Female,1,4544_left.jpg,D
4545,60,Male,1,4545_left.jpg,D
4546,71,Female,1,4546_left.jpg,D
4547,49,Female,1,4547_left.jpg,D
4548,53,Male,1,4548_left.jpg,D
4549,45,Female,1,4549_left.jpg,D
4550,51,Male,1,4550_left.jpg,D
4551,53,Male,1,4551_left.jpg,DO
4552,57,Female,1,4552_left.jpg,D
4553,62,Female,1,4553_left.jpg,D
4555,45,Male,1,4555_left.jpg,D
4556,68,Male,1,4556_left.jpg,D
4557,53,Female,1,4557_left.jpg,D
4558,55,Male,1,4558_left.jpg,D
4559,44,Male,5,4559_left.jpg,H
4560,65,Female,1,4560_left.jpg,D
4561,61,Female,1,4561_left.jpg,D
4562,70,Female,5,4562_left.jpg,H
4563,54,Male,1,4563_left.jpg,D
4564,50,Male,1,4564_left.jpg,D
4565,65,Male,1,4565_left.jpg,D
4566,53,Female,1,4566_left.jpg,D
4567,42,Female,1,4567_left.jpg,D
4568,54,Male,1,4568_left.jpg,D
4570,55,Male,0,4570_left.jpg,D
4571,51,Male,0,4571_left.jpg,N
4572,54,Female,1,4572_left.jpg,D
4573,44,Male,1,4573_left.jpg,D
4574,50,Male,1,4574_left.jpg,D
4575,40,Male,1,4575_left.jpg,D
4576,50,Female,0,4576_left.jpg,D
4577,71,Male,0,4577_left.jpg,D
4578,54,Female,0,4578_left.jpg,D
4579,58,Male,5,4579_left.jpg,H
4581,43,Male,5,4581_left.jpg,H
4582,63,Female,1,4582_left.jpg,D
4583,28,Male,1,4583_left.jpg,D
4584,42,Male,1,4584_left.jpg,D
4585,54,Female,1,4585_left.jpg,D
4586,49,Female,1,4586_left.jpg,D
4587,67,Male,1,4587_left.jpg,D
4588,64,Female,1,4588_left.jpg,DO
4589,56,Male,1,4589_left.jpg,D
4590,40,Male,1,4590_left.jpg,D
4591,65,Male,1,4591_left.jpg,DH
4592,58,Male,5,4592_left.jpg,H
4593,65,Male,1,4593_left.jpg,D
4594,66,Female,0,4594_left.jpg,D
4595,58,Male,1,4595_left.jpg,D
4596,30,Female,1,4596_left.jpg,D
4597,54,Female,1,4597_left.jpg,D
4599,39,Female,1,4599_left.jpg,D
4601,36,Male,1,4601_left.jpg,D
4602,59,Male,1,4602_left.jpg,D
4603,47,Female,1,4603_left.jpg,D
4604,72,Female,1,4604_left.jpg,D
4605,36,Female,1,4605_left.jpg,D
4607,53,Male,1,4607_left.jpg,D
4608,50,Female,0,4608_left.jpg,D
4609,46,Male,1,4609_left.jpg,D
4610,43,Female,1,4610_left.jpg,D
4611,66,Male,1,4611_left.jpg,D
4612,55,Female,1,4612_left.jpg,D
4613,63,Male,1,4613_left.jpg,D
4614,58,Male,0,4614_left.jpg,D
4615,64,Female,1,4615_left.jpg,D
4616,50,Male,1,4616_left.jpg,D
4617,57,Male,1,4617_left.jpg,D
4618,58,Male,0,4618_left.jpg,D
4619,34,Male,1,4619_left.jpg,D
4620,52,Female,1,4620_left.jpg,D
4621,67,Male,0,4621_left.jpg,D
4622,73,Male,1,4622_left.jpg,D
4623,55,Male,1,4623_left.jpg,D
4624,60,Male,1,4624_left.jpg,D
4625,70,Female,0,4625_left.jpg,D
4626,68,Male,1,4626_left.jpg,D
4627,63,Female,1,4627_left.jpg,D
4628,47,Female,1,4628_left.jpg,D
4629,53,Male,1,4629_left.jpg,D
4630,52,Male,1,4630_left.jpg,D
4631,46,Male,1,4631_left.jpg,D
4632,46,Male,1,4632_left.jpg,D
4633,66,Male,1,4633_left.jpg,D
4634,64,Female,1,4634_left.jpg,D
4635,46,Female,1,4635_left.jpg,D
4636,54,Male,1,4636_left.jpg,D
4637,45,Male,0,4637_left.jpg,N
4638,32,Female,1,4638_left.jpg,D
4639,60,Female,0,4639_left.jpg,D
4640,69,Male,1,4640_left.jpg,D
4641,56,Male,0,4641_left.jpg,D
4642,52,Male,1,4642_left.jpg,D
4643,65,Female,1,4643_left.jpg,D
4644,60,Female,1,4644_left.jpg,D
4645,45,Male,1,4645_left.jpg,D
4647,52,Male,1,4647_left.jpg,D
4650,72,Male,1,4650_left.jpg,D
4651,41,Male,1,4651_left.jpg,D
4653,68,Male,1,4653_left.jpg,D
4655,65,Male,1,4655_left.jpg,D
4657,49,Male,1,4657_left.jpg,D
4658,58,Male,1,4658_left.jpg,D
4659,42,Male,1,4659_left.jpg,DO
4660,51,Male,1,4660_left.jpg,D
4664,63,Male,1,4664_left.jpg,D
4669,70,Male,1,4669_left.jpg,D
4670,55,Male,1,4670_left.jpg,D
4671,48,Male,1,4671_left.jpg,D
4672,65,Male,0,4672_left.jpg,D
4673,85,Male,1,4673_left.jpg,D
4675,53,Male,1,4675_left.jpg,D
4676,55,Male,1,4676_left.jpg,D
4677,38,Male,1,4677_left.jpg,D
4678,54,Male,1,4678_left.jpg,D
4679,69,Male,1,4679_left.jpg,D
4682,45,Male,1,4682_left.jpg,D
4683,58,Male,0,4683_left.jpg,D
4686,63,Male,1,4686_left.jpg,D
4688,42,Male,1,4688_left.jpg,D
4689,54,Male,1,4689_left.jpg,D
4690,57,Male,1,4690_left.jpg,D
4784,58,Male,5,4784_left.jpg,AH
